POS,First Name,Last Name,Nation,YOB,Start No.,Swim,T1,Bike,T2,Run,Time,Gender
1,Flora,Duffy,BER,1987,3,00:09:41,00:00:37,00:31:34,00:00:29,00:16:17,00:58:37,Female
2,Beth,Potter,GBR,1991,1,00:09:51,00:00:35,00:31:29,00:00:25,00:16:25,00:58:43,Female
3,Lisa,Tertsch,GER,1998,21,00:09:45,00:00:35,00:31:34,00:00:24,00:16:38,00:58:53,Female
4,Taylor,Spivey,USA,1991,2,00:09:41,00:00:37,00:31:36,00:00:24,00:16:42,00:58:58,Female
5,Laura,Lindemann,GER,1996,5,00:09:45,00:00:37,00:31:31,00:00:24,00:16:45,00:59:00,Female
6,Anabel,Knoll,GER,1996,6,00:09:44,00:00:35,00:31:33,00:00:25,00:16:48,00:59:03,Female
7,Maya,Kingma,NED,1995,14,00:09:48,00:00:39,00:31:23,00:00:22,00:16:56,00:59:06,Female
8,Sian,Rainsley,GBR,1997,7,00:09:39,00:00:36,00:31:40,00:00:24,00:16:51,00:59:08,Female
9,Nina,Eim,GER,1998,31,00:10:14,00:00:35,00:31:38,00:00:24,00:16:20,00:59:09,Female
10,Emy,Legault,CAN,1996,20,00:09:55,00:00:33,00:31:28,00:00:24,00:16:53,00:59:11,Female
11,Zsanett,Kuttor-Bragmayer,HUN,1994,18,00:09:42,00:00:38,00:31:36,00:00:20,00:17:01,00:59:15,Female
12,Kate,Waugh,GBR,1999,23,00:09:49,00:00:35,00:31:28,00:00:26,00:17:07,00:59:23,Female
13,Julie,Derron,SUI,1996,28,00:10:13,00:00:38,00:31:36,00:00:26,00:16:35,00:59:26,Female
14,Erika,Ackerlund,USA,1996,10,00:09:51,00:00:35,00:31:28,00:00:23,00:17:12,00:59:27,Female
15,Rachel,Klamer,NED,1990,11,00:10:13,00:00:41,00:31:36,00:00:25,00:16:44,00:59:36,Female
16,Lea,Coninx,FRA,1998,32,00:10:05,00:00:34,00:31:53,00:00:22,00:16:46,00:59:39,Female
17,Alberte,Kjær Pedersen,DEN,1998,9,00:10:13,00:00:36,00:31:39,00:00:26,00:16:50,00:59:43,Female
18,Cathia,Schär,SUI,2001,34,00:10:25,00:00:36,00:31:26,00:00:21,00:16:58,00:59:44,Female
19,Marlene,Gomez-Göggel,GER,1993,12,00:10:15,00:00:36,00:31:37,00:00:24,00:16:54,00:59:45,Female
20,Sophie,Linn,AUS,1995,43,00:10:14,00:00:37,00:31:36,00:00:26,00:16:54,00:59:45,Female
21,Vittoria,Lopes,BRA,1996,39,00:09:37,00:00:36,00:31:41,00:00:24,00:17:33,00:59:48,Female
22,Andrea,Hansen,NZL,1982,55,00:10:14,00:00:41,00:31:35,00:00:25,00:16:56,00:59:50,Female
23,Jaz,Hedgeland,AUS,1995,26,00:10:00,00:00:36,00:31:50,00:00:26,00:16:59,00:59:50,Female
24,Carlotta,Missaglia,ITA,1999,46,00:10:24,00:00:33,00:31:30,00:00:24,00:17:04,00:59:53,Female
25,Edda,Hannesdottir,ISL,1994,57,00:10:14,00:00:38,00:31:38,00:00:25,00:17:03,00:59:55,Female
26,Summer,Rappaport,USA,1991,4,00:09:35,00:00:38,00:32:22,00:00:26,00:16:58,00:59:57,Female
27,Simone,Ackermann,RSA,1990,48,00:09:43,00:00:40,00:31:32,00:00:23,00:17:42,00:59:59,Female
28,Annika,Koch,GER,1999,33,00:10:16,00:00:35,00:31:38,00:00:30,00:17:04,01:00:01,Female
29,Djenyfer,Arnold,BRA,1993,16,00:10:05,00:00:36,00:31:47,00:00:26,00:17:10,01:00:03,Female
30,Nicole,Van Der Kaay,NZL,1996,17,00:10:10,00:00:37,00:31:42,00:00:26,00:17:19,01:00:12,Female
31,Lena,Meißner,GER,1998,35,00:09:45,00:00:35,00:31:31,00:00:23,00:17:59,01:00:12,Female
32,Julia,Hauser,AUT,1994,22,00:10:25,00:00:35,00:31:32,00:00:25,00:17:26,01:00:21,Female
33,Roksana,Slupek,POL,1999,42,00:10:09,00:00:38,00:31:44,00:00:26,00:17:27,01:00:22,Female
34,Luisa,Iogna-Prat,ITA,1995,53,00:10:04,00:00:36,00:31:47,00:00:27,00:17:37,01:00:30,Female
35,Charlotte,McShane,AUS,1990,30,00:09:47,00:00:36,00:32:08,00:00:25,00:17:42,01:00:35,Female
36,Jolien,Vermeylen,BEL,1994,44,00:09:41,00:00:36,00:32:14,00:00:24,00:17:44,01:00:37,Female
37,Melanie,Santos,POR,1995,25,00:10:13,00:00:37,00:31:42,00:00:28,00:17:41,01:00:40,Female
38,Yuko,Takahashi,JPN,1991,27,00:10:03,00:00:41,00:31:44,00:00:23,00:17:54,01:00:43,Female
39,Sinem Francisca,Tous Servera,TRI,1992,54,00:10:16,00:00:37,00:31:41,00:00:27,00:17:50,01:00:49,Female
40,Ainsley,Thorpe,NZL,1998,29,00:10:15,00:00:37,00:31:37,00:00:24,00:18:04,01:00:55,Female
41,Miyu,Sakai,JPN,1999,52,00:09:58,00:00:37,00:31:56,00:00:24,00:18:50,01:01:44,Female
42,Petra,Kurikova,CZE,1991,37,00:10:14,00:00:41,00:33:49,00:00:25,00:16:58,01:02:05,Female
43,Anne,Holm,DEN,1999,59,00:10:10,00:00:36,00:31:47,00:00:24,00:19:12,01:02:07,Female
44,Luisa,Baptista,BRA,1994,47,00:10:07,00:00:37,00:33:53,00:00:24,00:17:36,01:02:35,Female
45,Maria,Tomé,POR,2001,36,00:10:16,00:00:40,00:33:40,00:00:24,00:17:55,01:02:53,Female
46,Emma,Lombardi,FRA,2001,19,00:10:22,00:00:39,00:34:14,00:00:25,00:17:20,01:02:59,Female
47,Dominika,Jamnicky,CAN,1992,41,00:10:17,00:00:36,00:33:45,00:00:25,00:18:15,01:03:15,Female
48,Miriam,Casillas García,ESP,1992,15,00:10:26,00:00:37,00:33:37,00:00:23,00:18:20,01:03:22,Female
49,Hiraku,Fukuoka,JPN,1994,51,00:10:22,00:00:37,00:33:41,00:00:23,00:18:42,01:03:43,Female
50,Yuka,Sato,JPN,1992,40,00:10:00,00:00:38,00:34:01,00:00:27,00:18:53,01:03:57,Female
1,Tim,Hellwig,GER,1999,10,00:08:29,00:00:39,00:29:04,00:00:24,00:14:34,00:53:08,Male
2,Paul,Georgenthum,FRA,2000,37,00:09:00,00:00:36,00:28:35,00:00:24,00:14:34,00:53:08,Male
3,Léo,Bergere,FRA,1996,1,00:08:42,00:00:36,00:28:52,00:00:22,00:14:38,00:53:09,Male
4,Lasse Nygaard,Priester,GER,1995,32,00:08:53,00:00:37,00:28:44,00:00:24,00:14:33,00:53:09,Male
5,Antonio,Serrat Seoane,ESP,1995,2,00:08:46,00:00:39,00:28:53,00:00:21,00:14:35,00:53:12,Male
6,Tom,Richard,FRA,1993,14,00:08:45,00:00:42,00:28:49,00:00:24,00:14:37,00:53:14,Male
7,Charles,Paquet,CAN,1997,31,00:08:57,00:00:41,00:28:35,00:00:24,00:14:42,00:53:17,Male
8,Vetle Bergsvik,Thorn,NOR,1999,35,00:08:54,00:00:42,00:28:37,00:00:24,00:14:47,00:53:22,Male
9,Erwin,Vanderplancke,BEL,1995,30,00:08:58,00:00:41,00:28:39,00:00:23,00:14:45,00:53:24,Male
10,Emil,Holm,DEN,1996,48,00:08:57,00:00:39,00:28:35,00:00:21,00:14:54,00:53:25,Male
11,Marcel,Walkington,AUS,1993,40,00:08:53,00:00:38,00:28:45,00:00:23,00:14:49,00:53:27,Male
12,Gabriel,Sandör,SWE,1996,28,00:08:52,00:00:42,00:28:39,00:00:25,00:14:56,00:53:32,Male
13,Lasse,Lührs,GER,1996,20,00:08:45,00:00:38,00:28:49,00:00:23,00:15:06,00:53:39,Male
14,Brandon,Copeland,AUS,1996,6,00:08:49,00:00:35,00:28:54,00:00:24,00:14:59,00:53:39,Male
15,Jonas,Breinlinger,GER,1994,21,00:08:48,00:00:41,00:28:45,00:00:28,00:15:00,00:53:40,Male
16,Sylvain,Fridelance,SUI,1995,4,00:08:41,00:00:37,00:28:54,00:00:25,00:15:08,00:53:43,Male
17,Noah,Servais,BEL,1997,15,00:08:46,00:00:36,00:28:52,00:00:22,00:15:12,00:53:46,Male
18,Gordon,Benson,GBR,1994,33,00:08:50,00:00:38,00:28:46,00:00:23,00:15:13,00:53:48,Male
19,Márk,Dévay,HUN,1996,8,00:08:28,00:00:42,00:29:03,00:00:23,00:15:16,00:53:49,Male
20,Takumi,Hojo,JPN,1996,5,00:08:27,00:00:42,00:29:07,00:00:25,00:15:12,00:53:51,Male
21,Radim,Grebík,CZE,2001,24,00:08:59,00:00:41,00:00:00,00:00:00,00:00:00,00:53:53,Male
22,Alois,Knabl,AUT,1992,19,00:08:44,00:00:39,00:28:53,00:00:27,00:15:13,00:53:54,Male
23,Leon,Pauger,AUT,1998,42,00:08:58,00:00:42,00:28:30,00:00:25,00:15:21,00:53:55,Male
24,Simon,Henseleit,GER,2000,39,00:08:53,00:00:40,00:28:40,00:00:24,00:15:24,00:53:59,Male
25,Saxon,Morgan,NZL,2000,23,00:08:47,00:00:38,00:28:52,00:00:27,00:15:22,00:54:04,Male
26,Jonas,Schomburg,GER,1994,3,00:08:29,00:00:39,00:29:07,00:00:24,00:15:28,00:54:06,Male
27,Valentin,Wernz,GER,1995,9,00:08:47,00:00:35,00:28:53,00:00:22,00:15:36,00:54:11,Male
28,Casper,Stornes,NOR,1997,7,00:08:59,00:00:44,00:29:13,00:00:29,00:14:51,00:54:14,Male
29,Chase,McQueen,USA,1998,16,00:08:31,00:00:38,00:29:04,00:00:23,00:15:41,00:54:16,Male
30,Dylan,McCullough,NZL,2001,25,00:08:31,00:00:38,00:29:07,00:00:23,00:15:52,00:54:29,Male
31,Felix,Duchampt,ROU,1989,26,00:09:00,00:00:39,00:29:20,00:00:23,00:15:14,00:54:34,Male
32,Trent,Thorpe,NZL,1996,18,00:08:43,00:00:38,00:28:59,00:00:26,00:15:53,00:54:37,Male
33,Bob,Haller,LUX,1993,17,00:09:01,00:00:42,00:29:13,00:00:23,00:15:28,00:54:46,Male
34,Johannes,Vogel,GER,1996,36,00:08:54,00:00:47,00:29:15,00:00:25,00:15:30,00:54:50,Male
35,Donald,Hillebregt,NED,1992,41,00:08:57,00:00:41,00:29:20,00:00:25,00:15:35,00:54:57,Male
36,Henry,Räppo,EST,1998,44,00:08:59,00:00:43,00:29:15,00:00:24,00:15:38,00:54:58,Male
37,Mitch,Kolkman,NED,2002,52,00:08:51,00:00:53,00:29:14,00:00:24,00:15:40,00:55:00,Male
38,Austin,Hindman,USA,1998,38,00:08:58,00:00:37,00:28:43,00:00:26,00:16:19,00:55:02,Male
39,Jan,Volar,CZE,1992,27,00:08:58,00:00:47,00:29:12,00:00:26,00:15:52,00:55:12,Male
40,David,Martin,CZE,1998,49,00:08:59,00:00:38,00:28:40,00:00:21,00:16:44,00:55:21,Male
41,Miguel,Hidalgo,BRA,2000,12,00:08:47,00:00:44,00:28:47,00:00:25,00:16:59,00:55:39,Male
42,Darr,Smith,USA,1998,34,00:08:54,00:00:39,00:29:24,00:00:26,00:16:25,00:55:46,Male
43,Oscar,Gladney Rundqvist,DEN,2000,54,00:09:21,00:00:42,00:30:35,00:00:24,00:17:11,00:58:10,Male
44,Youri,Keulen,NED,1998,45,00:09:12,00:00:43,00:31:48,00:00:28,00:16:08,00:58:17,Male
45,Jesse,Cuijpers,NED,2002,53,00:08:50,00:00:40,00:31:07,00:00:28,00:17:22,00:58:24,Male
46,Jonathan,Wayaffe,BEL,1995,46,00:09:31,00:00:49,00:31:56,00:00:28,00:15:54,00:58:35,Male
47,Gjalt,Panjer,NED,2002,51,00:09:18,00:00:53,00:32:04,00:00:25,00:16:41,00:59:19,Male
48,Mateusz,Gluszkowski,POL,2001,55,00:08:44,00:00:37,00:31:16,00:00:25,00:21:50,01:02:50,Male
DNS,Marcin,Stanglewicz,POL,2002,50,00:00:00,00:00:00,00:00:00,00:00:00,00:00:00,DNS,Male
DNS,Florin,Salvisberg,SUI,1990,11,00:00:00,00:00:00,00:00:00,00:00:00,00:00:00,DNS,Male
1,Cassandre,Beaugrand,FRA,1997,1,00:09:20,00:00:41,00:33:09,00:00:35,00:16:10,00:59:53,Female
2,Emma,Lombardi,FRA,2001,2,00:09:28,00:00:41,00:32:58,00:00:34,00:16:33,01:00:11,Female
3,Annika,Koch,GER,1999,9,00:09:31,00:00:41,00:32:55,00:00:38,00:16:34,01:00:17,Female
4,Leonie,Periault,FRA,1994,7,00:09:45,00:00:47,00:32:39,00:00:38,00:16:35,01:00:22,Female
5,Marlene,Gomez-Göggel,GER,1993,6,00:09:39,00:00:49,00:32:42,00:00:39,00:16:38,01:00:25,Female
6,Rachel,Klamer,NED,1990,20,00:09:39,00:00:45,00:32:44,00:00:35,00:16:49,01:00:30,Female
7,Julie,Derron,SUI,1996,48,00:09:43,00:00:47,00:32:37,00:00:36,00:16:52,01:00:34,Female
8,Nicole,Van Der Kaay,NZL,1996,3,00:09:33,00:00:44,00:32:54,00:00:38,00:16:52,01:00:38,Female
9,Cathia,Schär,SUI,2001,4,00:09:56,00:00:46,00:32:26,00:00:35,00:17:02,01:00:43,Female
10,Melanie,Santos,POR,1995,22,00:09:35,00:00:49,00:32:47,00:00:37,00:17:00,01:00:46,Female
11,Yuko,Takahashi,JPN,1991,24,00:09:39,00:00:46,00:32:42,00:00:37,00:17:12,01:00:54,Female
12,Jolien,Vermeylen,BEL,1994,21,00:09:29,00:00:47,00:32:58,00:00:38,00:17:06,01:00:56,Female
13,Erika,Ackerlund,USA,1996,19,00:09:48,00:00:45,00:32:35,00:00:41,00:17:11,01:00:58,Female
14,Lizeth,Rueda Santos,MEX,1994,18,00:09:30,00:00:44,00:32:54,00:00:44,00:17:11,01:01:02,Female
15,Anabel,Knoll,GER,1996,25,00:09:44,00:00:46,00:32:43,00:00:37,00:17:19,01:01:07,Female
16,Miriam,Casillas García,ESP,1992,8,00:09:56,00:00:50,00:32:23,00:00:37,00:17:31,01:01:15,Female
17,Vittoria,Lopes,BRA,1996,17,00:09:19,00:00:49,00:33:00,00:00:38,00:17:36,01:01:20,Female
18,Emma,Jackson,AUS,1991,31,00:09:40,00:00:53,00:32:39,00:00:38,00:17:35,01:01:24,Female
19,Solveig,Løvseth,NOR,1999,23,00:09:53,00:00:48,00:32:29,00:00:40,00:17:36,01:01:25,Female
20,Djenyfer,Arnold,BRA,1993,15,00:09:41,00:00:53,00:32:36,00:00:46,00:17:31,01:01:27,Female
21,Alice,Betto,ITA,1987,53,00:09:31,00:00:48,00:32:54,00:00:37,00:17:44,01:01:33,Female
22,Lena,Meißner,GER,1998,10,00:09:23,00:01:04,00:32:41,00:00:37,00:17:53,01:01:37,Female
23,Olivia,Mathias,GBR,1998,40,00:09:24,00:00:44,00:32:59,00:00:38,00:18:13,01:01:55,Female
24,Gwen,Jorgensen,USA,1986,43,00:09:41,00:00:52,00:34:56,00:00:38,00:16:16,01:02:21,Female
25,Anne,Holm,DEN,1999,46,00:09:48,00:00:46,00:32:39,00:00:41,00:18:34,01:02:27,Female
26,Valerie,Barthelemy,BEL,1991,33,00:09:29,00:00:47,00:32:54,00:00:38,00:18:44,01:02:30,Female
27,Therese,Feuersinger,AUT,1998,52,00:09:16,00:00:46,00:33:07,00:00:37,00:18:45,01:02:30,Female
28,Brea,Roderick,NZL,2002,26,00:09:40,00:00:46,00:32:47,00:00:35,00:18:53,01:02:39,Female
29,Noelia,Juan,ESP,1996,30,00:09:50,00:00:48,00:32:35,00:00:39,00:19:01,01:02:51,Female
30,Claire,Michel,BEL,1988,11,00:09:40,00:00:47,00:34:06,00:00:41,00:17:40,01:02:52,Female
31,Gina,Sereno,USA,1995,45,00:09:48,00:00:49,00:34:52,00:00:35,00:17:04,01:03:06,Female
32,Tilda,Månsson,SWE,2004,39,00:09:56,00:00:48,00:34:47,00:00:38,00:17:03,01:03:10,Female
33,Anna,Godoy Contreras,ESP,1992,35,00:09:55,00:00:46,00:34:46,00:00:37,00:17:25,01:03:27,Female
34,Nora,Gmür,SUI,2001,38,00:09:54,00:00:44,00:34:49,00:00:34,00:17:36,01:03:34,Female
35,Maria,Tomé,POR,2001,34,00:09:49,00:00:47,00:34:51,00:00:39,00:17:43,01:03:47,Female
36,Dominika,Jamnicky,CAN,1992,32,00:09:55,00:00:48,00:34:41,00:00:39,00:17:49,01:03:50,Female
37,Bianca,Seregni,ITA,2000,37,00:09:32,00:00:55,00:35:01,00:00:43,00:17:42,01:03:51,Female
38,Petra,Kurikova,CZE,1991,28,00:09:43,00:00:48,00:34:59,00:00:36,00:17:49,01:03:53,Female
39,Shanae,Williams,RSA,1998,42,00:09:45,00:00:51,00:35:37,00:00:37,00:17:36,01:04:25,Female
40,Charlotte,McShane,AUS,1990,27,00:09:41,00:00:47,00:34:57,00:00:38,00:18:29,01:04:31,Female
41,María,Casals Mojica,ESP,2002,49,00:09:51,00:00:47,00:35:35,00:00:36,00:17:46,01:04:32,Female
42,Ainsley,Thorpe,NZL,1998,14,00:09:54,00:00:46,00:34:46,00:00:35,00:18:40,01:04:39,Female
43,Tereza,Zimovjanova,CZE,1995,50,00:09:57,00:00:43,00:34:51,00:00:39,00:18:46,01:04:53,Female
44,Noémi,Sárszegi,HUN,1996,47,00:09:54,00:00:48,00:35:31,00:00:39,00:18:23,01:05:13,Female
45,Vicky,Van Der Merwe,RSA,1989,51,00:09:55,00:00:46,00:35:34,00:00:37,00:18:40,01:05:30,Female
46,Luisa,Baptista,BRA,1994,44,00:10:11,00:00:47,00:36:32,00:00:40,00:18:58,01:07:06,Female
DNF,Lotte,Miller,NOR,1996,41,00:09:42,00:00:50,00:00:00,00:00:00,00:00:00,DNF,Female
DNF,Lisa,Perterer,AUT,1991,36,00:10:02,00:00:48,00:35:22,00:00:38,00:00:00,DNF,Female
DNF,Ilaria,Zane,ITA,1992,29,00:09:42,00:00:41,00:00:00,00:00:00,00:00:00,DNF,Female
DNF,Jaz,Hedgeland,AUS,1995,16,00:09:55,00:00:48,00:35:32,00:00:37,00:00:00,DNF,Female
1,Jelle,Geens,BEL,1993,24,00:09:15,00:00:59,00:26:58,00:00:22,00:14:44,00:52:20,Male
2,Vincent,Luis,FRA,1989,21,00:08:43,00:01:02,00:27:27,00:00:22,00:14:49,00:52:25,Male
3,Bence,Bicsák,HUN,1995,38,00:09:02,00:01:01,00:27:07,00:00:25,00:14:51,00:52:28,Male
4,Pierre,Le Corre,FRA,1990,41,00:08:56,00:01:00,00:27:15,00:00:21,00:15:00,00:52:34,Male
5,Antonio,Serrat Seoane,ESP,1995,5,00:09:17,00:00:58,00:27:00,00:00:22,00:14:59,00:52:37,Male
6,Tyler,Mislawchuk,CAN,1994,30,00:09:01,00:01:01,00:27:10,00:00:24,00:15:04,00:52:41,Male
7,Vasco,Vilaca,POR,1999,45,00:09:03,00:00:58,00:27:09,00:00:23,00:15:11,00:52:46,Male
8,Hayden,Wilde,NZL,1997,23,00:09:18,00:00:58,00:26:56,00:00:24,00:15:15,00:52:54,Male
9,Kenji,Nener,JPN,1993,31,00:08:53,00:01:02,00:27:16,00:00:21,00:15:23,00:52:58,Male
10,Gábor,Faldum,HUN,1988,37,00:09:13,00:01:02,00:27:00,00:00:22,00:15:25,00:53:03,Male
11,Márk,Dévay,HUN,1996,29,00:08:44,00:01:01,00:27:29,00:00:22,00:15:37,00:53:15,Male
12,Tim,Hellwig,GER,1999,1,00:09:08,00:00:58,00:27:08,00:00:21,00:15:44,00:53:22,Male
13,Takumi,Hojo,JPN,1996,12,00:08:50,00:01:03,00:27:21,00:00:27,00:15:40,00:53:24,Male
14,Léo,Bergere,FRA,1996,3,00:09:10,00:01:00,00:27:02,00:00:23,00:15:47,00:53:25,Male
15,Roberto,Sanchez Mantecon,ESP,1996,40,00:09:20,00:00:59,00:27:34,00:00:23,00:15:10,00:53:27,Male
16,Valentin,Morlec,FRA,1999,47,00:08:59,00:01:00,00:27:55,00:00:22,00:15:13,00:53:31,Male
17,Gordon,Benson,GBR,1994,11,00:09:10,00:01:00,00:27:40,00:00:22,00:15:24,00:53:39,Male
18,Csongor,Lehmann,HUN,1999,28,00:08:57,00:01:01,00:27:54,00:00:24,00:15:25,00:53:43,Male
19,Lasse Nygaard,Priester,GER,1995,4,00:09:17,00:00:57,00:27:40,00:00:23,00:15:27,00:53:45,Male
20,Tjebbe,Kaindl,AUT,1999,48,00:09:11,00:00:57,00:27:05,00:00:23,00:16:09,00:53:47,Male
21,Miguel,Hidalgo,BRA,2000,20,00:08:56,00:01:06,00:27:50,00:00:23,00:15:39,00:53:55,Male
22,Samuel,Dickinson,GBR,1997,33,00:09:15,00:01:00,00:27:35,00:00:24,00:15:44,00:53:59,Male
23,Jonas,Schomburg,GER,1994,14,00:09:02,00:00:58,00:27:13,00:00:25,00:16:23,00:54:02,Male
24,Morgan,Pearson,USA,1993,22,00:09:04,00:00:58,00:27:52,00:00:28,00:15:48,00:54:13,Male
25,Menno,Koolhaas,NED,1995,55,00:09:07,00:01:01,00:27:45,00:00:35,00:15:47,00:54:17,Male
26,Tamás,Tóth,HUN,1989,43,00:09:06,00:00:59,00:27:51,00:00:22,00:16:00,00:54:19,Male
27,Alessandro,Fabian,ITA,1988,39,00:09:04,00:01:01,00:27:47,00:00:25,00:16:06,00:54:24,Male
28,Brandon,Copeland,AUS,1996,10,00:09:18,00:00:58,00:27:41,00:00:23,00:16:07,00:54:28,Male
29,Gianluca,Pozzatti,ITA,1993,42,00:09:01,00:01:02,00:27:50,00:00:24,00:16:15,00:54:34,Male
30,Bob,Haller,LUX,1993,17,00:09:17,00:01:00,00:27:34,00:00:24,00:16:25,00:54:42,Male
31,Casper,Stornes,NOR,1997,15,00:09:21,00:01:03,00:27:29,00:00:27,00:16:28,00:54:49,Male
32,Vetle Bergsvik,Thorn,NOR,1999,7,00:09:18,00:01:02,00:27:31,00:00:26,00:16:35,00:54:54,Male
33,Marcel,Walkington,AUS,1993,9,00:09:13,00:01:00,00:27:45,00:00:25,00:16:39,00:55:04,Male
34,Charles,Paquet,CAN,1997,6,00:09:21,00:00:58,00:27:40,00:00:30,00:16:44,00:55:14,Male
35,Donald,Hillebregt,NED,1992,19,00:09:11,00:01:06,00:27:41,00:00:26,00:16:51,00:55:16,Male
36,Jørgen,Gundersen,NOR,1995,54,00:09:09,00:01:03,00:27:45,00:00:25,00:16:57,00:55:20,Male
37,Aaron,Royle,AUS,1990,27,00:09:12,00:01:07,00:27:35,00:00:25,00:17:15,00:55:35,Male
38,Johannes,Vogel,GER,1996,18,00:09:00,00:01:01,00:27:54,00:00:26,00:17:17,00:55:40,Male
39,Fabian,Meeusen,SUI,1998,53,00:08:57,00:01:00,00:27:59,00:00:24,00:17:19,00:55:42,Male
40,Emil,Holm,DEN,1996,8,00:09:15,00:01:03,00:27:39,00:00:26,00:17:18,00:55:42,Male
41,Seth,Rider,USA,1997,25,00:09:04,00:01:01,00:27:09,00:00:23,00:18:25,00:56:03,Male
42,Matthew,Hauser,AUS,1998,26,00:09:06,00:01:11,00:27:42,00:00:24,00:17:42,00:56:07,Male
43,Jamie,Riddle,RSA,2000,46,00:08:57,00:01:04,00:27:58,00:00:29,00:17:44,00:56:14,Male
44,Paul,Georgenthum,FRA,2000,2,00:09:33,00:01:00,00:29:06,00:00:23,00:16:17,00:56:20,Male
45,Maciej,Bruzdziak,POL,1998,50,00:09:01,00:01:03,00:27:55,00:00:27,00:18:30,00:56:58,Male
46,Clayton,Hutchins,USA,1995,49,00:09:22,00:01:01,00:30:27,00:00:23,00:16:08,00:57:23,Male
47,Peter,Rojtas,SVK,2002,57,00:09:12,00:01:04,00:28:13,00:00:23,00:19:41,00:58:35,Male
48,Grant,Sheldon,GBR,1994,44,00:09:05,00:01:04,00:28:51,00:00:30,00:20:08,00:59:40,Male
49,Lars,Holenweger,SUI,1998,52,00:09:25,00:01:03,00:30:58,00:00:23,00:18:05,00:59:55,Male
DNS,Jorik,Van Egdom,NED,1995,51,00:00:00,00:00:00,00:00:00,00:00:00,00:00:00,DNS,Male
1,Alex,Yee,GBR,1998,2,00:09:20,00:01:14,00:27:33,00:00:23,00:14:26,00:52:53,Male
2,Vasco,Vilaca,POR,1999,8,00:09:17,00:01:14,00:27:35,00:00:22,00:14:32,00:52:59,Male
3,Manoel,Messias,BRA,1996,12,00:09:40,00:01:14,00:27:15,00:00:27,00:14:32,00:53:06,Male
4,Vincent,Luis,FRA,1989,5,00:08:57,00:01:15,00:27:54,00:00:22,00:14:45,00:53:11,Male
5,Dorian,Coninx,FRA,1994,23,00:08:59,00:01:14,00:27:53,00:00:22,00:14:48,00:53:14,Male
6,Léo,Bergere,FRA,1996,1,00:09:21,00:01:16,00:27:28,00:00:21,00:14:51,00:53:15,Male
7,Roberto,Sanchez Mantecon,ESP,1996,18,00:09:26,00:01:16,00:27:23,00:00:23,00:14:52,00:53:18,Male
8,Matthew,McElroy,USA,1992,17,00:09:31,00:01:13,00:27:23,00:00:22,00:14:52,00:53:19,Male
9,Max,Studer,SUI,1996,54,00:09:32,00:01:16,00:27:22,00:00:21,00:14:51,00:53:20,Male
10,Adrien,Briffod,SUI,1994,32,00:09:30,00:01:14,00:27:25,00:00:21,00:14:57,00:53:24,Male
11,Antonio,Serrat Seoane,ESP,1995,7,00:09:22,00:01:16,00:27:32,00:00:24,00:14:57,00:53:28,Male
12,Tyler,Mislawchuk,CAN,1994,36,00:09:15,00:01:14,00:27:38,00:00:22,00:15:05,00:53:32,Male
13,Gábor,Faldum,HUN,1988,25,00:09:19,00:01:17,00:27:30,00:00:20,00:15:09,00:53:34,Male
14,Richard,Murray,NED,1989,27,00:09:34,00:01:16,00:27:15,00:00:24,00:15:08,00:53:36,Male
15,Barclay,Izzard,GBR,1998,52,00:09:29,00:01:14,00:27:26,00:00:19,00:15:11,00:53:37,Male
16,Miguel,Hidalgo,BRA,2000,24,00:09:04,00:01:18,00:27:46,00:00:23,00:15:10,00:53:39,Male
17,Sylvain,Fridelance,SUI,1995,20,00:09:22,00:01:16,00:27:32,00:00:23,00:15:10,00:53:41,Male
18,Matthew,Hauser,AUS,1998,6,00:09:06,00:01:14,00:27:47,00:00:22,00:15:16,00:53:42,Male
19,Kenji,Nener,JPN,1993,14,00:09:07,00:01:14,00:27:47,00:00:23,00:15:14,00:53:43,Male
20,Jamie,Riddle,RSA,2000,34,00:09:00,00:01:14,00:27:51,00:00:22,00:15:20,00:53:46,Male
21,Lasse Nygaard,Priester,GER,1995,15,00:09:12,00:01:12,00:27:44,00:00:25,00:15:18,00:53:49,Male
22,Brandon,Copeland,AUS,1996,31,00:09:27,00:01:14,00:27:24,00:00:19,00:15:30,00:53:51,Male
23,Joao,Pereira,POR,1987,46,00:09:22,00:01:16,00:27:32,00:00:21,00:15:25,00:53:53,Male
24,Michele,Sarzilla,ITA,1988,16,00:09:15,00:01:17,00:27:35,00:00:22,00:15:26,00:53:54,Male
25,David,Castro Fajardo,ESP,1993,38,00:09:01,00:01:15,00:27:52,00:00:23,00:15:26,00:53:55,Male
26,Ren,Sato,JPN,1995,39,00:09:30,00:01:17,00:27:20,00:00:20,00:15:31,00:53:56,Male
27,Alberto,Gonzalez Garcia,ESP,1998,55,00:09:11,00:01:13,00:27:45,00:00:20,00:15:30,00:53:57,Male
28,Makoto,Odakura,JPN,1993,35,00:09:35,00:01:19,00:27:13,00:00:24,00:15:29,00:53:57,Male
29,Jannik,Schaufler,GER,1997,57,00:09:17,00:01:18,00:27:33,00:00:21,00:15:32,00:53:58,Male
30,Kyle,Smith,NZL,1997,61,00:09:19,00:01:15,00:27:31,00:00:19,00:15:36,00:53:59,Male
31,Aram Michell,Peñaflor Moysen,MEX,1999,56,00:09:35,00:01:14,00:27:21,00:00:28,00:15:22,00:53:59,Male
32,Vetle Bergsvik,Thorn,NOR,1999,22,00:09:17,00:01:18,00:27:34,00:00:25,00:15:26,00:53:59,Male
33,Ricardo,Batista,POR,2000,37,00:09:15,00:01:16,00:27:35,00:00:22,00:15:36,00:54:02,Male
34,Takumi,Hojo,JPN,1996,30,00:09:21,00:01:18,00:27:28,00:00:23,00:15:37,00:54:05,Male
35,Shachar,Sagiv,ISR,1994,28,00:09:33,00:01:14,00:27:18,00:00:19,00:15:52,00:54:14,Male
36,Henri,Schoeman,RSA,1991,50,00:09:02,00:01:15,00:27:52,00:00:21,00:15:58,00:54:26,Male
37,Jelle,Geens,BEL,1993,4,00:09:33,00:01:13,00:27:19,00:00:20,00:16:13,00:54:36,Male
38,Márk,Dévay,HUN,1996,19,00:08:59,00:01:18,00:27:48,00:00:24,00:16:12,00:54:40,Male
39,Luke,Willian,AUS,1996,42,00:09:33,00:01:18,00:27:18,00:00:24,00:16:11,00:54:41,Male
40,Valentin,Wernz,GER,1995,48,00:09:18,00:01:18,00:27:35,00:00:25,00:16:09,00:54:42,Male
41,Stefan,Zachäus,LUX,1990,59,00:09:19,00:01:17,00:27:32,00:00:22,00:16:23,00:54:51,Male
42,Alois,Knabl,AUT,1992,44,00:09:07,00:01:16,00:27:47,00:00:25,00:16:24,00:54:57,Male
43,Bence,Bicsák,HUN,1995,11,00:09:15,00:01:19,00:28:17,00:00:23,00:15:46,00:54:57,Male
44,Leon,Pauger,AUT,1998,49,00:09:15,00:01:15,00:27:37,00:00:23,00:16:38,00:55:05,Male
45,Alessio,Crociani,ITA,2001,58,00:08:59,00:01:16,00:27:57,00:00:20,00:16:42,00:55:11,Male
46,Hayden,Wilde,NZL,1997,3,00:09:39,00:01:12,00:29:31,00:00:23,00:14:42,00:55:24,Male
47,Jonas,Schomburg,GER,1994,21,00:09:08,00:01:12,00:27:47,00:00:27,00:17:02,00:55:34,Male
48,Jumpei,Furuya,JPN,1991,45,00:09:19,00:01:16,00:27:34,00:00:29,00:17:01,00:55:37,Male
49,Johannes,Vogel,GER,1996,47,00:09:09,00:01:16,00:27:44,00:00:23,00:17:14,00:55:44,Male
50,Noah,Servais,BEL,1997,43,00:09:29,00:01:20,00:27:21,00:00:23,00:17:25,00:55:56,Male
1,Cassandre,Beaugrand,FRA,1997,18,00:09:09,00:01:11,00:32:13,00:00:22,00:16:10,00:59:03,Female
2,Georgia,Taylor-Brown,GBR,1994,1,00:09:18,00:01:13,00:32:00,00:00:23,00:16:21,00:59:12,Female
3,Sophie,Coldwell,GBR,1995,15,00:09:14,00:01:07,00:31:34,00:00:21,00:17:01,00:59:15,Female
4,Taylor,Spivey,USA,1991,12,00:09:12,00:01:10,00:31:33,00:00:21,00:17:08,00:59:22,Female
5,Beth,Potter,GBR,1991,10,00:09:19,00:01:10,00:32:04,00:00:21,00:16:29,00:59:22,Female
6,Laura,Lindemann,GER,1996,8,00:09:15,00:01:09,00:32:08,00:00:22,00:16:47,00:59:39,Female
7,Flora,Duffy,BER,1987,2,00:09:11,00:01:08,00:32:14,00:00:24,00:16:51,00:59:44,Female
8,Anabel,Knoll,GER,1996,9,00:09:35,00:01:11,00:31:45,00:00:23,00:16:56,00:59:48,Female
9,Julie,Derron,SUI,1996,42,00:09:47,00:01:09,00:31:37,00:00:26,00:17:03,00:59:59,Female
10,Miriam,Casillas García,ESP,1992,24,00:09:45,00:01:06,00:31:44,00:00:22,00:17:05,00:59:59,Female
11,Natalie,Van Coevorden,AUS,1992,16,00:09:18,00:01:14,00:32:02,00:00:23,00:17:06,01:00:02,Female
12,Kirsten,Kasper,USA,1991,6,00:09:20,00:01:08,00:32:04,00:00:22,00:17:11,01:00:03,Female
13,Verena,Steinhauser,ITA,1994,19,00:09:42,00:01:11,00:31:40,00:00:23,00:17:12,01:00:05,Female
14,Rachel,Klamer,NED,1990,22,00:09:27,00:01:12,00:31:54,00:00:21,00:17:20,01:00:12,Female
15,Sian,Rainsley,GBR,1997,4,00:09:14,00:01:15,00:32:06,00:00:21,00:17:21,01:00:16,Female
16,Ilaria,Zane,ITA,1992,49,00:09:37,00:01:09,00:31:50,00:00:22,00:17:26,01:00:21,Female
17,Petra,Kurikova,CZE,1991,56,00:09:22,00:01:10,00:32:20,00:00:23,00:17:15,01:00:28,Female
18,Maya,Kingma,NED,1995,17,00:09:20,00:01:13,00:31:58,00:00:20,00:17:46,01:00:35,Female
19,Lotte,Miller,NOR,1996,54,00:09:34,00:01:23,00:31:34,00:00:24,00:17:49,01:00:41,Female
20,Melanie,Santos,POR,1995,36,00:09:22,00:01:07,00:32:05,00:00:22,00:17:54,01:00:48,Female
21,Lisa,Tertsch,GER,1998,25,00:09:36,00:01:08,00:32:41,00:00:21,00:17:13,01:00:57,Female
22,Audrey,Merle,FRA,1995,27,00:09:35,00:01:12,00:32:45,00:00:22,00:17:07,01:00:59,Female
23,Vittoria,Lopes,BRA,1996,47,00:09:13,00:01:11,00:32:10,00:00:25,00:18:02,01:01:00,Female
24,Kira,Hedgeland,AUS,1998,30,00:09:24,00:01:13,00:32:39,00:00:26,00:17:26,01:01:06,Female
25,Nina,Eim,GER,1998,29,00:09:44,00:01:14,00:32:50,00:00:24,00:17:02,01:01:12,Female
26,Erika,Ackerlund,USA,1996,5,00:09:33,00:01:09,00:32:43,00:00:23,00:17:29,01:01:15,Female
27,Carlotta,Missaglia,ITA,1999,50,00:09:56,00:01:08,00:32:43,00:00:21,00:17:16,01:01:21,Female
28,Jaz,Hedgeland,AUS,1995,37,00:09:45,00:01:12,00:32:56,00:00:24,00:17:13,01:01:29,Female
29,Kate,Waugh,GBR,1999,23,00:09:38,00:01:10,00:32:37,00:00:23,00:17:43,01:01:30,Female
30,Lisa,Perterer,AUT,1991,46,00:10:00,00:01:13,00:32:35,00:00:22,00:17:23,01:01:31,Female
31,Edda,Hannesdottir,ISL,1994,58,00:09:45,00:01:19,00:32:46,00:00:20,00:17:30,01:01:38,Female
32,Jolien,Vermeylen,BEL,1994,57,00:09:14,00:01:12,00:33:02,00:00:23,00:17:53,01:01:43,Female
33,Djenyfer,Arnold,BRA,1993,28,00:09:17,00:01:18,00:33:16,00:00:25,00:17:31,01:01:45,Female
34,Julia,Hauser,AUT,1994,20,00:09:45,00:01:15,00:32:50,00:00:23,00:17:42,01:01:54,Female
35,Emma,Jackson,AUS,1991,38,00:09:19,00:01:22,00:32:47,00:00:25,00:18:09,01:02:00,Female
36,Yuko,Takahashi,JPN,1991,26,00:09:28,00:01:21,00:33:02,00:00:22,00:17:51,01:02:02,Female
37,Simone,Ackermann,RSA,1990,43,00:09:18,00:01:08,00:33:02,00:00:24,00:18:19,01:02:08,Female
38,Maria,Tomé,POR,2001,39,00:09:35,00:01:17,00:33:00,00:00:24,00:17:58,01:02:13,Female
39,Sarika,Nakayama,JPN,2000,35,00:09:33,00:01:15,00:32:41,00:00:22,00:18:28,01:02:18,Female
40,Sophie,Linn,AUS,1995,53,00:09:44,00:01:10,00:32:56,00:00:28,00:18:04,01:02:21,Female
41,Andrea,Hansen,NZL,1982,55,00:10:00,00:01:12,00:32:37,00:00:26,00:18:08,01:02:21,Female
42,Alberte,Kjær Pedersen,DEN,1998,21,00:09:29,00:01:08,00:34:27,00:00:22,00:16:58,01:02:22,Female
43,Solveig,Løvseth,NOR,1999,33,00:10:03,00:01:16,00:32:27,00:00:38,00:18:11,01:02:33,Female
44,Valerie,Barthelemy,BEL,1991,32,00:09:16,00:01:14,00:32:58,00:00:27,00:18:53,01:02:45,Female
45,Barbara,De Koning,NED,2002,34,00:09:41,00:01:12,00:32:57,00:00:28,00:18:47,01:03:04,Female
46,Summer,Rappaport,USA,1991,7,00:09:20,00:01:15,00:34:33,00:00:24,00:18:07,01:03:37,Female
47,Shanae,Williams,RSA,1998,40,00:09:51,00:01:11,00:34:55,00:00:29,00:17:34,01:03:57,Female
48,Tereza,Zimovjanova,CZE,1995,52,00:09:47,00:01:07,00:32:32,00:00:22,00:20:12,01:03:58,Female
49,Nora,Gmür,SUI,2001,41,00:10:02,00:01:07,00:34:46,00:00:23,00:18:00,01:04:16,Female
50,Ekaterina,Shabalina,KAZ,1998,45,00:09:48,00:01:14,00:34:54,00:00:24,00:18:14,01:04:32,Female
1,Hayden,Wilde,NZL,1997,4,00:08:58,00:01:04,00:28:45,00:00:23,00:14:11,00:53:18,Male
2,Léo,Bergere,FRA,1996,1,00:08:44,00:01:06,00:28:28,00:00:19,00:14:52,00:53:28,Male
3,Lasse,Lührs,GER,1996,28,00:08:51,00:01:03,00:28:53,00:00:21,00:14:33,00:53:38,Male
4,Vasco,Vilaca,POR,1999,7,00:08:53,00:01:04,00:28:48,00:00:22,00:14:33,00:53:38,Male
5,Lasse Nygaard,Priester,GER,1995,6,00:08:57,00:01:04,00:28:46,00:00:20,00:14:37,00:53:42,Male
6,Miguel,Hidalgo,BRA,2000,30,00:08:43,00:01:08,00:28:54,00:00:18,00:14:52,00:53:53,Male
7,Richard,Murray,NED,1989,55,00:09:02,00:01:04,00:28:40,00:00:23,00:14:50,00:53:57,Male
8,Jelle,Geens,BEL,1993,9,00:08:52,00:01:03,00:28:51,00:00:21,00:14:53,00:53:59,Male
9,Antonio,Serrat Seoane,ESP,1995,2,00:08:57,00:01:09,00:28:39,00:00:21,00:14:56,00:54:00,Male
10,Vincent,Luis,FRA,1989,11,00:08:43,00:01:03,00:28:29,00:00:31,00:15:16,00:54:01,Male
11,Joao,Silva,POR,1989,47,00:08:58,00:01:01,00:28:49,00:00:21,00:14:55,00:54:03,Male
12,Marten,Van Riel,BEL,1992,27,00:08:53,00:01:04,00:28:50,00:00:19,00:15:05,00:54:09,Male
13,Pierre,Le Corre,FRA,1990,3,00:08:46,00:01:03,00:28:58,00:00:26,00:15:00,00:54:12,Male
14,Michele,Sarzilla,ITA,1988,36,00:08:49,00:01:06,00:28:52,00:00:22,00:15:08,00:54:15,Male
15,Csongor,Lehmann,HUN,1999,34,00:08:57,00:01:03,00:28:46,00:00:19,00:15:13,00:54:16,Male
16,Matthew,McElroy,USA,1992,29,00:09:09,00:01:07,00:29:07,00:00:20,00:14:37,00:54:18,Male
17,Sylvain,Fridelance,SUI,1995,32,00:08:56,00:01:05,00:28:48,00:00:22,00:15:13,00:54:21,Male
18,Jonas,Schomburg,GER,1994,24,00:08:55,00:01:03,00:28:46,00:00:17,00:15:23,00:54:22,Male
19,Kenji,Nener,JPN,1993,19,00:08:48,00:01:02,00:28:56,00:00:20,00:15:20,00:54:24,Male
20,Tim,Hellwig,GER,1999,5,00:08:48,00:01:06,00:28:52,00:00:30,00:15:13,00:54:28,Male
21,Jacob,Birtwhistle,AUS,1995,31,00:09:06,00:01:05,00:29:09,00:00:21,00:14:53,00:54:33,Male
22,Ricardo,Batista,POR,2000,21,00:08:54,00:01:00,00:28:53,00:00:21,00:15:29,00:54:35,Male
23,Jamie,Riddle,RSA,2000,46,00:08:45,00:01:05,00:28:56,00:00:23,00:15:29,00:54:35,Male
24,Bence,Bicsák,HUN,1995,8,00:08:56,00:01:14,00:29:11,00:00:19,00:14:58,00:54:36,Male
25,Noah,Servais,BEL,1997,33,00:09:01,00:01:02,00:28:44,00:00:20,00:15:31,00:54:37,Male
26,Matthew,Hauser,AUS,1998,14,00:08:56,00:01:10,00:29:14,00:00:18,00:15:03,00:54:38,Male
27,Márk,Dévay,HUN,1996,16,00:08:42,00:01:12,00:28:53,00:00:22,00:15:35,00:54:42,Male
28,Jumpei,Furuya,JPN,1991,43,00:08:58,00:01:03,00:28:47,00:00:22,00:15:35,00:54:43,Male
29,Tayler,Reid,NZL,1996,48,00:08:46,00:01:04,00:28:56,00:00:21,00:15:40,00:54:45,Male
30,Takumi,Hojo,JPN,1996,12,00:08:58,00:01:09,00:29:15,00:00:20,00:15:06,00:54:46,Male
31,Tom,Richard,FRA,1993,18,00:08:45,00:01:04,00:28:59,00:00:22,00:15:46,00:54:54,Male
32,Brandon,Copeland,AUS,1996,22,00:08:54,00:01:07,00:29:20,00:00:19,00:15:22,00:55:00,Male
33,Thomas,Bishop,GBR,1991,56,00:09:01,00:01:09,00:29:13,00:00:21,00:15:24,00:55:07,Male
34,Aaron,Royle,AUS,1990,44,00:09:01,00:01:08,00:29:13,00:00:20,00:15:45,00:55:25,Male
35,Vetle Bergsvik,Thorn,NOR,1999,15,00:09:06,00:01:03,00:29:13,00:00:23,00:15:46,00:55:30,Male
36,Ren,Sato,JPN,1995,45,00:09:09,00:01:05,00:29:10,00:00:24,00:15:47,00:55:33,Male
37,Jawad,Abdelmoula,MAR,1994,50,00:09:01,00:01:05,00:30:07,00:00:21,00:15:07,00:55:40,Male
38,Alois,Knabl,AUT,1992,39,00:08:46,00:01:09,00:28:54,00:00:23,00:16:29,00:55:40,Male
39,Roberto,Sanchez Mantecon,ESP,1996,20,00:09:08,00:01:10,00:29:52,00:00:18,00:15:25,00:55:51,Male
40,Grant,Sheldon,GBR,1994,54,00:09:02,00:01:11,00:30:00,00:00:21,00:15:29,00:56:01,Male
41,Gianluca,Pozzatti,ITA,1993,38,00:08:50,00:01:10,00:29:25,00:00:22,00:16:24,00:56:08,Male
42,Seth,Rider,USA,1997,37,00:08:59,00:01:10,00:29:13,00:00:21,00:16:29,00:56:10,Male
43,Makoto,Odakura,JPN,1993,23,00:09:03,00:01:10,00:30:00,00:00:25,00:15:43,00:56:19,Male
44,Genis,Grau,ESP,1994,53,00:09:04,00:01:05,00:30:03,00:00:20,00:16:01,00:56:31,Male
45,Gabriel,Sandör,SWE,1996,26,00:09:06,00:01:14,00:29:51,00:00:22,00:16:01,00:56:33,Male
46,Luke,Willian,AUS,1996,41,00:09:05,00:01:13,00:29:54,00:00:21,00:16:26,00:56:55,Male
47,Valentin,Wernz,GER,1995,35,00:08:50,00:01:03,00:30:20,00:00:21,00:16:56,00:57:28,Male
48,Gustav,Iden,NOR,1996,52,00:09:09,00:01:11,00:31:04,00:00:26,00:16:23,00:58:11,Male
DNF,Marc,Dubrick,USA,1994,57,00:09:06,00:01:08,00:00:00,00:00:00,00:00:00,DNF,Male
DNF,Jonathan,Brownlee,GBR,1990,49,00:08:54,00:01:04,00:00:00,00:00:00,00:00:00,DNF,Male
1,Pierre,Le Corre,FRA,1990,18,00:08:59,00:00:46,00:29:14,00:00:32,00:14:37,00:54:06,Male
2,Léo,Bergere,FRA,1996,3,00:08:53,00:00:40,00:29:15,00:00:34,00:14:46,00:54:06,Male
3,Hayden,Wilde,NZL,1997,2,00:09:02,00:00:39,00:29:18,00:00:30,00:14:55,00:54:21,Male
4,Vasco,Vilaca,POR,1999,1,00:09:02,00:00:43,00:29:15,00:00:36,00:14:51,00:54:25,Male
5,Richard,Murray,NED,1989,34,00:09:06,00:00:40,00:29:16,00:00:37,00:14:50,00:54:27,Male
6,Henri,Schoeman,RSA,1991,15,00:09:02,00:00:46,00:29:13,00:00:34,00:14:56,00:54:28,Male
7,Tom,Richard,FRA,1993,24,00:08:54,00:00:44,00:29:24,00:00:33,00:14:58,00:54:30,Male
8,Barclay,Izzard,GBR,1998,29,00:09:01,00:00:38,00:29:22,00:00:33,00:15:01,00:54:32,Male
9,Antonio,Serrat Seoane,ESP,1995,10,00:08:57,00:00:46,00:29:19,00:00:39,00:14:59,00:54:39,Male
10,Ricardo,Batista,POR,2000,47,00:08:56,00:00:42,00:29:11,00:00:41,00:15:12,00:54:40,Male
11,Valentin,Wernz,GER,1995,14,00:08:59,00:00:40,00:29:18,00:00:33,00:15:12,00:54:41,Male
12,Dylan,McCullough,NZL,2001,16,00:08:56,00:00:41,00:29:21,00:00:35,00:15:14,00:54:44,Male
13,Sergio,Baxter Cabrera,ESP,2000,52,00:08:58,00:00:49,00:29:12,00:00:34,00:15:17,00:54:48,Male
14,Emil,Holm,DEN,1996,35,00:09:04,00:00:42,00:29:13,00:00:34,00:15:18,00:54:49,Male
15,Kenji,Nener,JPN,1993,5,00:08:54,00:00:40,00:29:27,00:00:36,00:15:16,00:54:51,Male
16,Vetle Bergsvik,Thorn,NOR,1999,22,00:09:01,00:00:45,00:29:17,00:00:36,00:15:18,00:54:55,Male
17,Lasse,Lührs,GER,1996,17,00:08:58,00:00:41,00:29:19,00:00:35,00:15:24,00:54:56,Male
18,Tayler,Reid,NZL,1996,12,00:08:57,00:00:39,00:29:13,00:00:36,00:15:37,00:54:59,Male
19,Adrien,Briffod,SUI,1994,4,00:09:08,00:00:44,00:29:10,00:00:36,00:15:26,00:55:02,Male
20,Jack,Willis,GBR,1997,45,00:09:00,00:00:42,00:29:18,00:00:33,00:15:34,00:55:04,Male
21,Jonas,Schomburg,GER,1994,7,00:08:52,00:00:39,00:29:29,00:00:34,00:15:35,00:55:07,Male
22,Ren,Sato,JPN,1995,41,00:09:00,00:00:42,00:29:21,00:00:36,00:15:34,00:55:12,Male
23,Charles,Paquet,CAN,1997,20,00:08:59,00:00:43,00:29:19,00:00:38,00:15:36,00:55:13,Male
24,Arnaud,Mengal,BEL,1997,31,00:09:05,00:00:45,00:29:15,00:00:38,00:15:37,00:55:19,Male
25,Stefan,Zachäus,LUX,1990,59,00:09:05,00:00:42,00:29:15,00:00:35,00:15:51,00:55:25,Male
26,Tjebbe,Kaindl,AUT,1999,43,00:08:55,00:00:40,00:29:27,00:00:39,00:15:54,00:55:33,Male
27,Simon,Westermann,SUI,1998,36,00:08:59,00:00:43,00:29:18,00:00:33,00:16:04,00:55:36,Male
28,Márk,Dévay,HUN,1996,23,00:08:52,00:00:42,00:29:26,00:00:36,00:16:05,00:55:39,Male
29,Max,Studer,SUI,1996,11,00:09:07,00:00:46,00:30:01,00:00:35,00:15:16,00:55:43,Male
30,Tyler,Smith,BER,1998,56,00:08:59,00:00:46,00:29:16,00:00:42,00:16:02,00:55:44,Male
31,Max,Stapley,GBR,1999,55,00:08:53,00:00:45,00:29:23,00:00:35,00:16:24,00:55:59,Male
32,Tim,Hellwig,GER,1999,9,00:09:05,00:00:47,00:29:06,00:00:35,00:16:46,00:56:16,Male
33,Saxon,Morgan,NZL,2000,39,00:08:59,00:00:42,00:29:22,00:00:39,00:16:40,00:56:20,Male
34,Casper,Stornes,NOR,1997,60,00:09:02,00:00:50,00:29:11,00:00:36,00:16:54,00:56:32,Male
35,Brandon,Copeland,AUS,1996,28,00:09:04,00:00:40,00:29:20,00:00:35,00:16:59,00:56:37,Male
36,Johannes,Vogel,GER,1996,27,00:08:55,00:00:45,00:29:24,00:00:38,00:17:11,00:56:51,Male
37,Shachar,Sagiv,ISR,1994,40,00:09:12,00:00:38,00:31:16,00:00:36,00:15:28,00:57:07,Male
38,Chase,McQueen,USA,1998,48,00:08:48,00:00:42,00:30:33,00:00:35,00:16:56,00:57:32,Male
39,Luke,Willian,AUS,1996,25,00:09:05,00:00:52,00:31:12,00:00:38,00:16:06,00:57:50,Male
40,Manoel,Messias,BRA,1996,6,00:09:17,00:00:40,00:31:49,00:00:35,00:15:36,00:57:55,Male
41,Gábor,Faldum,HUN,1988,32,00:09:03,00:00:44,00:31:20,00:00:39,00:16:15,00:58:00,Male
42,Brock,Hoel,CAN,2001,49,00:08:52,00:00:48,00:31:20,00:00:36,00:16:30,00:58:04,Male
43,Darr,Smith,USA,1998,50,00:09:13,00:00:42,00:31:51,00:00:34,00:15:53,00:58:11,Male
44,Antonio,Bravo Neto,BRA,1999,51,00:09:07,00:00:47,00:31:54,00:00:33,00:15:56,00:58:16,Male
45,Alberto,Gonzalez Garcia,ESP,1998,44,00:08:57,00:01:12,00:31:35,00:00:32,00:16:11,00:58:25,Male
46,Donald,Hillebregt,NED,1992,58,00:09:07,00:00:48,00:31:14,00:00:44,00:16:37,00:58:28,Male
47,Sylvain,Fridelance,SUI,1995,21,00:09:00,00:00:41,00:30:50,00:00:37,00:17:46,00:58:52,Male
48,Diego,Moya,CHI,1998,33,00:08:49,00:00:40,00:31:40,00:00:36,00:17:16,00:58:59,Male
49,Mario,Mola,ESP,1990,46,00:09:08,00:00:41,00:31:59,00:00:36,00:16:42,00:59:04,Male
50,Noah,Servais,BEL,1997,42,00:08:59,00:00:43,00:31:16,00:00:35,00:17:54,00:59:24,Male
1,Flora,Duffy,BER,1987,31,00:09:38,00:01:02,00:28:19,00:00:27,00:16:12,00:55:41,Female
2,Georgia,Taylor-Brown,GBR,1994,39,00:09:37,00:01:03,00:28:20,00:00:26,00:16:25,00:55:53,Female
3,Sophie,Coldwell,GBR,1995,30,00:09:30,00:01:05,00:28:25,00:00:25,00:16:45,00:56:11,Female
4,Jessica,Learmonth,GBR,1988,33,00:09:30,00:01:03,00:28:25,00:00:26,00:17:02,00:56:27,Female
5,Taylor,Knibb,USA,1998,29,00:09:43,00:01:05,00:28:10,00:00:29,00:17:06,00:56:35,Female
6,Cassandre,Beaugrand,FRA,1997,38,00:09:41,00:01:04,00:29:58,00:00:23,00:16:16,00:57:24,Female
7,Beth,Potter,GBR,1991,34,00:09:51,00:01:05,00:29:44,00:00:24,00:16:22,00:57:28,Female
8,Non,Stanford,GBR,1989,32,00:09:56,00:01:03,00:29:40,00:00:28,00:16:22,00:57:31,Female
9,Rachel,Klamer,NED,1990,41,00:09:56,00:01:06,00:29:36,00:00:26,00:16:27,00:57:34,Female
10,Vicky,Holland,GBR,1986,36,00:09:39,00:01:04,00:29:56,00:00:28,00:16:29,00:57:38,Female
11,Taylor,Spivey,USA,1991,28,00:09:53,00:01:04,00:29:39,00:00:26,00:16:46,00:57:51,Female
12,Lucy,Charles-Barclay,GBR,1993,50,00:09:35,00:01:01,00:29:36,00:00:25,00:17:15,00:57:54,Female
13,Lea,Coninx,FRA,1998,49,00:10:04,00:01:02,00:29:39,00:00:22,00:16:46,00:57:55,Female
14,Djenyfer,Arnold,BRA,1993,45,00:09:34,00:01:05,00:30:03,00:00:25,00:16:53,00:58:01,Female
15,Erika,Ackerlund,USA,1996,6,00:10:02,00:01:02,00:29:34,00:00:24,00:17:02,00:58:06,Female
16,Jeanne,Lehair,FRA,1996,18,00:09:41,00:01:02,00:29:57,00:00:25,00:17:05,00:58:12,Female
17,Summer,Rappaport,USA,1991,2,00:09:33,00:01:07,00:30:06,00:00:27,00:17:01,00:58:15,Female
18,Verena,Steinhauser,ITA,1994,8,00:10:02,00:01:04,00:29:35,00:00:26,00:17:10,00:58:19,Female
19,Yuko,Takahashi,JPN,1991,40,00:09:33,00:01:05,00:30:01,00:00:24,00:17:17,00:58:23,Female
20,Natalie,Van Coevorden,AUS,1992,10,00:09:39,00:01:09,00:29:52,00:00:29,00:17:17,00:58:28,Female
21,Paulina,Klimas,POL,1995,22,00:09:51,00:01:02,00:29:49,00:00:26,00:17:20,00:58:30,Female
22,Lisa,Tertsch,GER,1998,11,00:10:15,00:01:03,00:30:08,00:00:23,00:16:47,00:58:38,Female
23,Alberte,Kjær Pedersen,DEN,1998,9,00:10:11,00:01:03,00:30:13,00:00:24,00:16:58,00:58:50,Female
24,Sian,Rainsley,GBR,1997,4,00:09:37,00:01:05,00:29:59,00:00:25,00:17:44,00:58:53,Female
25,Annika,Koch,GER,1999,14,00:10:11,00:01:02,00:30:12,00:00:28,00:17:03,00:58:57,Female
26,Sara,Perez Sala,ESP,1988,51,00:09:35,00:01:05,00:30:03,00:00:32,00:17:40,00:58:57,Female
27,Charlotte,McShane,AUS,1990,21,00:10:01,00:01:02,00:30:23,00:00:26,00:17:09,00:59:03,Female
28,Romana,Gajdošová,SVK,1994,48,00:10:16,00:01:04,00:30:06,00:00:27,00:17:09,00:59:04,Female
29,Laura,Lindemann,GER,1996,1,00:10:00,00:01:03,00:30:25,00:00:26,00:17:10,00:59:05,Female
30,Roksana,Slupek,POL,1999,23,00:10:04,00:01:09,00:30:13,00:00:28,00:17:16,00:59:12,Female
31,Audrey,Merle,FRA,1995,42,00:10:02,00:01:05,00:30:23,00:00:27,00:17:17,00:59:16,Female
32,Lena,Meißner,GER,1998,12,00:10:13,00:01:05,00:30:07,00:00:26,00:17:48,00:59:41,Female
33,Solveig,Løvseth,NOR,1999,47,00:10:18,00:01:08,00:30:01,00:00:27,00:17:57,00:59:54,Female
34,Quinty,Schoens,NED,1999,16,00:10:17,00:01:06,00:30:03,00:00:27,00:18:12,01:00:06,Female
35,Niina,Kishimoto,JPN,1995,37,00:10:01,00:01:06,00:30:20,00:00:25,00:18:24,01:00:17,Female
36,Sarika,Nakayama,JPN,2000,43,00:10:05,00:01:06,00:30:18,00:00:29,00:18:24,01:00:24,Female
37,Shanae,Williams,RSA,1998,24,00:09:58,00:01:09,00:30:26,00:00:30,00:18:33,01:00:37,Female
38,Miriam,Casillas García,ESP,1992,35,00:10:03,00:01:03,00:31:35,00:00:31,00:18:26,01:01:39,Female
39,Alicja,Ulatowska,POL,1996,26,00:10:15,00:01:10,00:31:42,00:00:25,00:18:36,01:02:11,Female
40,Hiraku,Fukuoka,JPN,1994,44,00:10:05,00:01:05,00:30:18,00:00:27,00:20:39,01:02:35,Female
41,Tereza,Zimovjanova,CZE,1995,46,00:10:47,00:01:04,00:32:50,00:00:24,00:17:59,01:03:06,Female
42,Zuzana,Michalickova,SVK,2002,25,00:10:11,00:01:04,00:32:40,00:00:27,00:18:53,01:03:16,Female
43,Alzbeta,Hruskova,CZE,2000,27,00:10:23,00:01:05,00:32:25,00:00:23,00:19:24,01:03:42,Female
DNF,Sif,Bendix Madsen,DEN,2001,52,00:10:14,00:01:08,00:00:00,00:00:00,00:00:00,DNF,Female
DNF,Emma,Jackson,AUS,1991,20,00:09:58,00:01:08,00:00:00,00:00:00,00:00:00,DNF,Female
DNF,Kira,Hedgeland,AUS,1998,19,00:10:07,00:01:05,00:00:00,00:00:00,00:00:00,DNF,Female
DNF,Julia,Hauser,AUT,1994,17,00:10:06,00:01:06,00:00:00,00:00:00,00:00:00,DNF,Female
DNF,Alice,Betto,ITA,1987,5,00:10:00,00:01:04,00:00:00,00:00:00,00:00:00,DNF,Female
DNF,Zsanett,Kuttor-Bragmayer,HUN,1994,3,00:10:02,00:01:03,00:00:00,00:00:00,00:00:00,DNF,Female
1,Beth,Potter,GBR,1991,5,00:09:40,00:01:18,00:29:52,00:00:24,00:16:46,00:57:56,Female
2,Sophie,Coldwell,GBR,1995,4,00:09:27,00:01:28,00:29:54,00:00:23,00:17:04,00:58:14,Female
3,Taylor,Spivey,USA,1991,2,00:09:35,00:01:19,00:29:55,00:00:24,00:17:18,00:58:27,Female
4,Summer,Rappaport,USA,1991,12,00:09:31,00:01:20,00:29:59,00:00:24,00:17:24,00:58:35,Female
5,Lena,Meißner,GER,1998,10,00:09:33,00:01:21,00:29:56,00:00:24,00:17:29,00:58:39,Female
6,Cassandre,Beaugrand,FRA,1997,3,00:09:52,00:01:23,00:30:23,00:00:26,00:16:38,00:58:39,Female
7,Nina,Eim,GER,1998,23,00:10:16,00:01:18,00:30:00,00:00:23,00:16:51,00:58:45,Female
8,Emma,Lombardi,FRA,2001,7,00:09:58,00:01:22,00:30:15,00:00:23,00:16:50,00:58:46,Female
9,Verena,Steinhauser,ITA,1994,11,00:10:03,00:01:21,00:30:10,00:00:22,00:16:55,00:58:48,Female
10,Lisa,Tertsch,GER,1998,20,00:10:18,00:01:17,00:29:59,00:00:24,00:16:59,00:58:53,Female
11,Leonie,Periault,FRA,1994,17,00:09:58,00:01:23,00:30:18,00:00:26,00:16:55,00:58:57,Female
12,Miriam,Casillas García,ESP,1992,6,00:10:20,00:01:21,00:29:55,00:00:22,00:17:04,00:58:58,Female
13,Julia,Hauser,AUT,1994,22,00:10:01,00:01:25,00:30:11,00:00:28,00:16:59,00:59:01,Female
14,Claire,Michel,BEL,1988,52,00:10:08,00:01:26,00:30:05,00:00:24,00:17:06,00:59:06,Female
15,Georgia,Taylor-Brown,GBR,1994,1,00:09:58,00:01:25,00:30:13,00:00:25,00:17:10,00:59:08,Female
16,Rosa Maria,Tapia Vidal,MEX,1997,39,00:09:59,00:01:24,00:30:15,00:00:28,00:17:05,00:59:08,Female
17,Ainsley,Thorpe,NZL,1998,32,00:10:00,00:01:24,00:30:11,00:00:23,00:17:14,00:59:10,Female
18,Marlene,Gomez-Göggel,GER,1993,14,00:10:02,00:01:29,00:30:05,00:00:25,00:17:14,00:59:11,Female
19,Jaz,Hedgeland,AUS,1995,29,00:10:08,00:01:22,00:30:08,00:00:29,00:17:10,00:59:14,Female
20,Lisa,Perterer,AUT,1991,43,00:10:05,00:01:23,00:30:09,00:00:28,00:17:15,00:59:18,Female
21,Djenyfer,Arnold,BRA,1993,28,00:10:00,00:01:24,00:30:13,00:00:28,00:17:17,00:59:19,Female
22,Jeanne,Lehair,LUX,1996,27,00:10:10,00:01:23,00:30:12,00:00:23,00:17:15,00:59:20,Female
23,Anna,Godoy Contreras,ESP,1992,46,00:10:00,00:01:22,00:30:14,00:00:29,00:17:20,00:59:21,Female
24,Marta,Pintanel Raymundo,ESP,1999,56,00:10:00,00:01:21,00:30:16,00:00:23,00:17:26,00:59:23,Female
25,Kirsten,Kasper,USA,1991,8,00:09:53,00:01:20,00:30:21,00:00:24,00:17:32,00:59:28,Female
26,Natalie,Van Coevorden,AUS,1992,16,00:10:01,00:01:26,00:30:09,00:00:25,00:17:30,00:59:28,Female
27,Vittoria,Lopes,BRA,1996,15,00:09:29,00:01:26,00:29:55,00:00:25,00:18:17,00:59:28,Female
28,Solveig,Løvseth,NOR,1999,42,00:10:11,00:01:26,00:29:59,00:00:29,00:17:33,00:59:36,Female
29,Amelie,Kretz,CAN,1993,49,00:10:13,00:01:28,00:29:56,00:00:25,00:17:41,00:59:40,Female
30,Melanie,Santos,POR,1995,30,00:10:01,00:01:24,00:30:11,00:00:26,00:17:49,00:59:48,Female
31,Roksana,Slupek,POL,1999,45,00:10:01,00:01:26,00:30:09,00:00:25,00:17:59,00:59:56,Female
32,Kate,Waugh,GBR,1999,21,00:10:00,00:01:24,00:30:12,00:00:24,00:18:03,00:59:59,Female
33,Ilaria,Zane,ITA,1992,34,00:09:58,00:01:21,00:30:18,00:00:23,00:18:02,01:00:00,Female
34,Paulina,Klimas,POL,1995,37,00:10:05,00:01:23,00:30:08,00:00:28,00:18:00,01:00:01,Female
35,Emma,Jackson,AUS,1991,33,00:09:59,00:01:28,00:30:11,00:00:28,00:18:05,01:00:08,Female
36,Charlotte,McShane,AUS,1990,35,00:10:07,00:01:24,00:30:06,00:00:26,00:18:19,01:00:18,Female
37,Katie,Zaferes,USA,1989,61,00:10:07,00:01:27,00:30:06,00:00:33,00:18:10,01:00:21,Female
38,Zsanett,Kuttor-Bragmayer,HUN,1994,25,00:09:44,00:01:21,00:30:32,00:00:25,00:18:31,01:00:30,Female
39,Rachel,Klamer,NED,1990,24,00:10:01,00:01:27,00:30:12,00:00:28,00:18:34,01:00:38,Female
40,Anabel,Knoll,GER,1996,9,00:09:57,00:01:21,00:30:28,00:00:23,00:18:38,01:00:43,Female
41,Gina,Sereno,USA,1995,55,00:10:15,00:01:21,00:31:22,00:00:24,00:17:27,01:00:46,Female
42,Noelia,Juan,ESP,1996,57,00:10:20,00:01:24,00:31:12,00:00:23,00:17:36,01:00:52,Female
43,Yuko,Takahashi,JPN,1991,19,00:10:05,00:01:28,00:31:22,00:00:23,00:17:38,01:00:53,Female
44,Maria,Tomé,POR,2001,36,00:10:19,00:01:25,00:31:13,00:00:25,00:17:36,01:00:57,Female
45,Erica,Hawley,BER,1998,47,00:10:19,00:01:28,00:31:09,00:00:22,00:17:52,01:01:08,Female
46,Nora,Gmür,SUI,2001,53,00:10:05,00:01:23,00:30:26,00:00:26,00:18:54,01:01:11,Female
47,Emy,Legault,CAN,1996,18,00:10:06,00:01:22,00:31:28,00:00:24,00:17:58,01:01:15,Female
48,Jolien,Vermeylen,BEL,1994,41,00:09:57,00:01:28,00:31:35,00:00:25,00:17:58,01:01:20,Female
49,Petra,Kurikova,CZE,1991,38,00:10:05,00:01:25,00:31:30,00:00:29,00:17:58,01:01:23,Female
50,Sara,Guerrero Manso,ESP,1997,60,00:10:08,00:01:24,00:31:26,00:00:25,00:18:05,01:01:24,Female
1,Beth,Potter,GBR,1991,7,00:09:22,00:01:47,00:30:17,00:00:37,00:16:08,00:58:10,Female
2,Leonie,Periault,FRA,1994,25,00:09:09,00:01:55,00:30:25,00:00:38,00:16:08,00:58:12,Female
3,Summer,Rappaport,USA,1991,3,00:08:54,00:01:55,00:30:21,00:00:36,00:16:35,00:58:19,Female
4,Jeanne,Lehair,LUX,1996,6,00:09:23,00:01:50,00:30:14,00:00:38,00:16:25,00:58:28,Female
5,Katie,Zaferes,USA,1989,57,00:08:56,00:01:54,00:30:40,00:00:36,00:16:31,00:58:33,Female
6,Taylor,Knibb,USA,1998,10,00:08:52,00:02:01,00:30:18,00:00:39,00:16:49,00:58:36,Female
7,Georgia,Taylor-Brown,GBR,1994,2,00:09:00,00:01:51,00:30:34,00:00:39,00:16:44,00:58:45,Female
8,Zsanett,Kuttor-Bragmayer,HUN,1994,18,00:09:04,00:01:51,00:30:28,00:00:32,00:16:53,00:58:46,Female
9,Taylor,Spivey,USA,1991,1,00:08:59,00:01:52,00:30:35,00:00:36,00:16:51,00:58:51,Female
10,Maria Carolina,Velasquez Soto,COL,1997,47,00:09:25,00:01:48,00:30:13,00:00:39,00:16:50,00:58:54,Female
11,Laura,Lindemann,GER,1996,27,00:09:00,00:01:54,00:30:32,00:00:38,00:16:55,00:58:57,Female
12,Cathia,Schär,SUI,2001,21,00:09:30,00:01:54,00:30:00,00:00:35,00:17:01,00:58:57,Female
13,Sophie,Coldwell,GBR,1995,4,00:08:58,00:01:47,00:30:41,00:00:37,00:16:56,00:58:57,Female
14,Rosa Maria,Tapia Vidal,MEX,1997,5,00:09:00,00:01:50,00:30:36,00:00:40,00:16:59,00:59:02,Female
15,Kate,Waugh,GBR,1999,8,00:08:56,00:01:52,00:30:38,00:00:37,00:17:02,00:59:04,Female
16,Noelia,Juan,ESP,1996,34,00:09:22,00:01:52,00:30:13,00:00:36,00:17:03,00:59:05,Female
17,Dominika,Jamnicky,CAN,1992,48,00:09:25,00:01:47,00:30:13,00:00:36,00:17:07,00:59:06,Female
18,Kirsten,Kasper,USA,1991,9,00:08:56,00:01:55,00:30:35,00:00:37,00:17:09,00:59:10,Female
19,Lizeth,Rueda Santos,MEX,1994,26,00:08:57,00:01:56,00:30:33,00:00:37,00:17:11,00:59:11,Female
20,Claire,Michel,BEL,1988,14,00:09:10,00:01:58,00:30:23,00:00:39,00:17:11,00:59:18,Female
21,Erika,Ackerlund,USA,1996,20,00:09:23,00:01:53,00:30:11,00:00:37,00:17:21,00:59:24,Female
22,Vittoria,Lopes,BRA,1996,22,00:08:48,00:02:02,00:30:36,00:00:39,00:17:27,00:59:30,Female
23,Emma,Jackson,AUS,1991,41,00:08:58,00:01:58,00:30:33,00:00:41,00:17:31,00:59:39,Female
24,Sophie,Linn,AUS,1995,42,00:09:02,00:01:55,00:30:30,00:00:40,00:17:37,00:59:43,Female
25,Djenyfer,Arnold,BRA,1993,16,00:08:54,00:01:58,00:30:36,00:00:38,00:17:46,00:59:49,Female
26,Marta,Pintanel Raymundo,ESP,1999,30,00:09:12,00:02:03,00:30:47,00:00:36,00:17:16,00:59:52,Female
27,Yuko,Takahashi,JPN,1991,29,00:09:24,00:02:02,00:30:35,00:00:35,00:17:18,00:59:53,Female
28,Melanie,Santos,POR,1995,23,00:09:02,00:01:52,00:30:34,00:00:38,00:18:06,01:00:10,Female
29,Lena,Meißner,GER,1998,19,00:08:50,00:02:02,00:30:34,00:00:38,00:18:12,01:00:15,Female
30,Ainsley,Thorpe,NZL,1998,17,00:09:11,00:01:56,00:30:56,00:00:37,00:17:38,01:00:16,Female
31,Costanza,Arpinelli,ITA,2000,44,00:09:39,00:01:48,00:30:34,00:00:38,00:17:45,01:00:23,Female
32,Natalie,Van Coevorden,AUS,1992,11,00:08:53,00:02:00,00:31:09,00:00:37,00:17:48,01:00:25,Female
33,Annika,Koch,GER,1999,31,00:09:31,00:01:52,00:30:40,00:00:38,00:17:47,01:00:26,Female
34,Brea,Roderick,NZL,2002,28,00:09:08,00:01:54,00:30:24,00:00:35,00:18:31,01:00:30,Female
35,Yuka,Sato,JPN,1992,33,00:09:08,00:01:57,00:30:59,00:00:40,00:18:29,01:01:10,Female
36,Tanja,Stroschneider,AUT,1990,43,00:09:30,00:01:55,00:30:38,00:00:42,00:18:29,01:01:12,Female
37,Lotte,Miller,NOR,1996,55,00:09:27,00:02:02,00:30:33,00:00:42,00:18:41,01:01:23,Female
38,Jaz,Hedgeland,AUS,1995,12,00:09:20,00:01:56,00:32:21,00:00:36,00:17:28,01:01:38,Female
39,Cecilia,Perez,MEX,1991,46,00:09:19,00:02:05,00:32:13,00:00:37,00:17:46,01:01:57,Female
40,Emy,Legault,CAN,1996,39,00:09:29,00:01:51,00:32:17,00:00:36,00:17:51,01:02:01,Female
41,Carlotta,Missaglia,ITA,1999,36,00:09:27,00:01:55,00:30:40,00:00:35,00:19:34,01:02:08,Female
42,Nicole,Van Der Kaay,NZL,1996,15,00:09:31,00:01:49,00:32:36,00:00:39,00:17:43,01:02:16,Female
43,Chisato,Nakajima,JPN,2003,52,00:09:29,00:01:58,00:32:09,00:00:37,00:18:07,01:02:18,Female
44,Shanae,Williams,RSA,1998,40,00:09:21,00:00:00,00:00:00,00:00:00,00:00:00,01:02:22,Female
45,Anabel,Knoll,GER,1996,32,00:09:15,00:01:59,00:32:42,00:00:37,00:17:56,01:02:27,Female
46,Karolina Helga,Horváth,HUN,2002,56,00:09:07,00:02:12,00:32:36,00:00:40,00:18:16,01:02:50,Female
47,Kira,Hedgeland,AUS,1998,35,00:09:16,00:01:56,00:32:26,00:00:38,00:18:40,01:02:54,Female
48,Luisa,Baptista,BRA,1994,38,00:09:27,00:01:57,00:32:13,00:00:39,00:18:42,01:02:56,Female
49,Margot,Garabedian,CAM,1996,53,00:09:06,00:01:54,00:32:39,00:00:42,00:18:48,01:03:07,Female
50,Rani,Skrabanja,NED,1998,50,00:09:27,00:02:07,00:32:22,00:00:37,00:18:49,01:03:20,Female
1,Cassandre,Beaugrand,FRA,1997,3,00:10:02,00:00:30,00:29:05,00:00:23,00:15:20,00:55:19,Female
2,Lisa,Tertsch,GER,1998,2,00:10:00,00:00:29,00:29:04,00:00:22,00:15:36,00:55:30,Female
3,Beth,Potter,GBR,1991,6,00:10:03,00:00:32,00:29:02,00:00:24,00:15:32,00:55:31,Female
4,Jeanne,Lehair,LUX,1996,7,00:09:53,00:00:32,00:29:15,00:00:24,00:15:32,00:55:33,Female
5,Emma,Lombardi,FRA,2001,1,00:10:09,00:00:31,00:28:55,00:00:23,00:15:39,00:55:35,Female
6,Annika,Koch,GER,1999,25,00:10:03,00:00:31,00:29:00,00:00:24,00:15:48,00:55:45,Female
7,Kate,Waugh,GBR,1999,4,00:10:05,00:00:32,00:28:58,00:00:27,00:15:48,00:55:48,Female
8,Cathia,Schär,SUI,2001,28,00:10:25,00:00:32,00:28:38,00:00:24,00:16:03,00:56:00,Female
9,Rachel,Klamer,NED,1990,16,00:10:14,00:00:33,00:28:51,00:00:24,00:16:11,00:56:12,Female
10,Marlene,Gomez-Göggel,GER,1993,18,00:10:08,00:00:31,00:28:57,00:00:25,00:16:18,00:56:17,Female
11,Jolien,Vermeylen,BEL,1994,14,00:09:57,00:00:32,00:29:13,00:00:22,00:16:17,00:56:20,Female
12,Anna,Godoy Contreras,ESP,1992,5,00:10:02,00:00:33,00:29:05,00:00:25,00:16:19,00:56:22,Female
13,Maya,Kingma,NED,1995,21,00:10:20,00:00:36,00:28:39,00:00:28,00:16:24,00:56:24,Female
14,Erika,Ackerlund,USA,1996,42,00:10:05,00:00:32,00:29:00,00:00:22,00:16:30,00:56:27,Female
15,Lena,Meißner,GER,1998,38,00:10:02,00:00:35,00:28:58,00:00:22,00:16:35,00:56:30,Female
16,Jolanda,Annen,SUI,1992,33,00:10:15,00:00:33,00:28:53,00:00:25,00:16:26,00:56:31,Female
17,Anabel,Knoll,GER,1996,51,00:10:09,00:00:32,00:28:55,00:00:20,00:16:38,00:56:34,Female
18,Ainsley,Thorpe,NZL,1998,15,00:10:04,00:00:32,00:29:01,00:00:22,00:16:39,00:56:36,Female
19,Olivia,Mathias,GBR,1998,32,00:09:54,00:00:33,00:29:07,00:00:24,00:16:43,00:56:39,Female
20,Melanie,Santos,POR,1995,17,00:10:04,00:00:37,00:29:00,00:00:25,00:16:40,00:56:44,Female
21,Sophie,Linn,AUS,1995,20,00:10:01,00:00:33,00:29:03,00:00:25,00:16:48,00:56:47,Female
22,Natalie,Van Coevorden,AUS,1992,31,00:10:09,00:00:34,00:28:57,00:00:24,00:16:47,00:56:49,Female
23,Selina,Klamt,GER,2001,41,00:10:00,00:00:34,00:29:07,00:00:25,00:16:47,00:56:50,Female
24,Katie,Zaferes,USA,1989,10,00:10:12,00:00:38,00:28:53,00:00:27,00:16:52,00:57:00,Female
25,Tanja,Neubert,GER,2000,44,00:10:37,00:00:30,00:29:23,00:00:24,00:16:09,00:57:01,Female
26,Claire,Michel,BEL,1988,19,00:10:11,00:00:34,00:29:49,00:00:26,00:16:16,00:57:14,Female
27,Nicole,Van Der Kaay,NZL,1996,22,00:10:23,00:00:36,00:29:33,00:00:27,00:16:17,00:57:15,Female
28,Therese,Feuersinger,AUT,1998,52,00:09:51,00:00:32,00:29:14,00:00:23,00:17:23,00:57:21,Female
29,Brea,Roderick,NZL,2002,48,00:09:59,00:00:33,00:29:04,00:00:21,00:17:30,00:57:25,Female
30,Verena,Steinhauser,ITA,1994,9,00:10:24,00:00:35,00:29:32,00:00:26,00:16:42,00:57:37,Female
31,Cecilia,Santamaria Surroca,ESP,1997,23,00:10:04,00:00:33,00:29:58,00:00:24,00:16:49,00:57:45,Female
32,Karolina Helga,Horváth,HUN,2002,56,00:10:19,00:00:32,00:29:41,00:00:26,00:16:52,00:57:49,Female
33,Gwen,Jorgensen,USA,1986,11,00:10:08,00:00:36,00:30:49,00:00:29,00:15:50,00:57:51,Female
34,Noelia,Juan,ESP,1996,34,00:10:35,00:00:31,00:29:25,00:00:25,00:17:05,00:57:58,Female
35,Barbara,De Koning,NED,2002,47,00:10:26,00:00:33,00:29:34,00:00:24,00:17:09,00:58:04,Female
36,Alberte,Kjær Pedersen,DEN,1998,27,00:10:26,00:00:32,00:30:35,00:00:23,00:16:17,00:58:11,Female
37,Marta,Pintanel Raymundo,ESP,1999,29,00:10:12,00:00:32,00:29:49,00:00:24,00:17:16,00:58:12,Female
38,Summer,Rappaport,USA,1991,37,00:09:56,00:00:35,00:31:07,00:00:29,00:16:33,00:58:38,Female
39,Yuko,Takahashi,JPN,1991,30,00:10:20,00:00:34,00:30:38,00:00:23,00:16:52,00:58:45,Female
40,Miyu,Sakai,JPN,1999,50,00:10:02,00:00:33,00:29:56,00:00:22,00:18:07,00:58:59,Female
41,Gina,Sereno,USA,1995,39,00:10:11,00:00:34,00:32:01,00:00:29,00:16:24,00:59:37,Female
42,Jessica,Fullagar,GBR,2000,49,00:10:06,00:00:33,00:30:56,00:00:23,00:17:50,00:59:47,Female
43,Ellie,Hoitink,AUS,2000,26,00:10:44,00:00:32,00:31:29,00:00:23,00:16:51,00:59:58,Female
44,Marcela,Alvarez Solis,MEX,2003,54,00:10:26,00:00:31,00:31:45,00:00:22,00:17:01,01:00:03,Female
45,Elizabeth,Bravo,ECU,1987,40,00:10:28,00:00:33,00:31:44,00:00:23,00:17:00,01:00:06,Female
46,Ekaterina,Shabalina,KAZ,1998,46,00:10:35,00:00:34,00:31:38,00:00:26,00:16:58,01:00:09,Female
47,Yuka,Sato,JPN,1992,35,00:10:13,00:00:34,00:30:49,00:00:29,00:18:12,01:00:14,Female
48,Manami,Iijima,GUM,1992,53,00:10:15,00:00:35,00:31:56,00:00:28,00:17:31,01:00:43,Female
49,Sinem Francisca,Tous Servera,TUR,1992,43,00:10:27,00:00:33,00:31:49,00:00:24,00:17:35,01:00:45,Female
50,Romina,Biagioli,ARG,1989,45,00:10:25,00:00:35,00:31:47,00:00:24,00:18:09,01:01:19,Female
1,Laura,Lindemann,GER,1996,1,00:09:15,00:00:39,00:31:44,00:00:25,00:16:16,00:58:17,Female
2,Nicole,Van Der Kaay,NZL,1996,8,00:09:28,00:00:42,00:31:31,00:00:24,00:16:19,00:58:21,Female
3,Summer,Rappaport,USA,1991,3,00:09:12,00:00:47,00:31:43,00:00:25,00:16:20,00:58:26,Female
4,Zsanett,Kuttor-Bragmayer,HUN,1994,15,00:09:28,00:00:40,00:31:32,00:00:23,00:16:32,00:58:34,Female
5,Sian,Rainsley,GBR,1997,7,00:09:20,00:00:44,00:31:34,00:00:27,00:16:33,00:58:36,Female
6,Marlene,Gomez-Göggel,GER,1993,11,00:09:26,00:00:47,00:31:25,00:00:25,00:16:36,00:58:37,Female
7,Kirsten,Kasper,USA,1991,4,00:09:19,00:00:40,00:31:36,00:00:26,00:16:41,00:58:41,Female
8,Alice,Betto,ITA,1987,2,00:09:24,00:00:48,00:31:28,00:00:25,00:16:40,00:58:43,Female
9,Kate,Waugh,GBR,1999,41,00:09:29,00:00:42,00:31:26,00:00:27,00:16:43,00:58:46,Female
10,Erika,Ackerlund,USA,1996,22,00:09:22,00:00:44,00:31:34,00:00:25,00:16:44,00:58:48,Female
11,Anabel,Knoll,GER,1996,9,00:09:24,00:00:43,00:31:30,00:00:23,00:16:55,00:58:53,Female
12,Olivia,Mathias,GBR,1998,21,00:09:13,00:00:40,00:31:44,00:00:24,00:16:57,00:58:57,Female
13,Verena,Steinhauser,ITA,1994,6,00:09:26,00:00:45,00:31:27,00:00:25,00:16:56,00:58:57,Female
14,Alberte,Kjær Pedersen,DEN,1998,33,00:09:52,00:00:38,00:31:50,00:00:23,00:16:19,00:59:00,Female
15,Natalie,Van Coevorden,AUS,1992,5,00:09:20,00:00:45,00:31:34,00:00:28,00:16:57,00:59:01,Female
16,Nina,Eim,GER,1998,18,00:09:37,00:00:45,00:31:58,00:00:31,00:16:20,00:59:09,Female
17,Lisa,Tertsch,GER,1998,30,00:09:57,00:00:39,00:31:44,00:00:25,00:16:26,00:59:10,Female
18,Ainsley,Thorpe,NZL,1998,24,00:09:27,00:00:43,00:31:29,00:00:24,00:17:14,00:59:15,Female
19,Lena,Meißner,GER,1998,31,00:09:23,00:00:43,00:31:33,00:00:26,00:17:21,00:59:23,Female
20,Annika,Koch,GER,1999,32,00:09:51,00:00:40,00:31:49,00:00:27,00:16:46,00:59:30,Female
21,Kyleigh,Spearing,USA,1998,44,00:09:28,00:00:41,00:31:31,00:00:26,00:17:36,00:59:40,Female
22,Quinty,Schoens,NED,1999,34,00:09:50,00:00:40,00:31:49,00:00:25,00:17:00,00:59:43,Female
23,Jolanda,Annen,SUI,1992,12,00:09:29,00:00:44,00:32:08,00:00:25,00:17:02,00:59:46,Female
24,Vendula,Frintova,CZE,1983,17,00:09:36,00:00:50,00:31:56,00:00:30,00:16:58,00:59:47,Female
25,Julia,Hauser,AUT,1994,10,00:09:38,00:00:44,00:31:59,00:00:28,00:17:06,00:59:54,Female
26,Rani,Skrabanja,NED,1998,29,00:09:23,00:00:41,00:31:35,00:00:27,00:17:53,00:59:57,Female
27,Jeanne,Lehair,FRA,1996,19,00:09:38,00:00:44,00:31:59,00:00:24,00:17:17,00:59:59,Female
28,Kira,Hedgeland,AUS,1998,23,00:09:32,00:00:47,00:32:03,00:00:25,00:17:27,01:00:13,Female
29,Emma,Jackson,AUS,1991,16,00:09:25,00:00:49,00:32:07,00:00:26,00:17:46,01:00:33,Female
30,Ai,Ueda,JPN,1983,28,00:10:00,00:00:43,00:32:45,00:00:27,00:16:43,01:00:36,Female
31,Barbara,De Koning,NED,2002,48,00:09:28,00:00:45,00:32:13,00:00:24,00:17:51,01:00:38,Female
32,Charlotte,McShane,AUS,1990,25,00:09:55,00:00:43,00:32:49,00:00:29,00:16:53,01:00:47,Female
33,Paulina,Klimas,POL,1995,42,00:09:53,00:00:43,00:32:50,00:00:27,00:16:59,01:00:51,Female
34,Roksana,Slupek,POL,1999,40,00:09:59,00:00:42,00:32:46,00:00:28,00:17:03,01:00:56,Female
35,Emy,Legault,CAN,1996,38,00:10:02,00:00:39,00:32:51,00:00:24,00:17:17,01:01:10,Female
36,Jolien,Vermeylen,BEL,1994,47,00:09:36,00:00:41,00:33:14,00:00:25,00:17:20,01:01:13,Female
37,Dominika,Jamnicky,CAN,1992,36,00:10:02,00:00:40,00:32:45,00:00:25,00:17:25,01:01:15,Female
38,Shanae,Williams,RSA,1998,43,00:09:55,00:00:43,00:32:54,00:00:26,00:17:28,01:01:23,Female
39,Nora,Gmür,SUI,2001,46,00:10:01,00:00:48,00:33:21,00:00:23,00:17:23,01:01:55,Female
40,Zuzana,Michalickova,SVK,2002,49,00:09:41,00:00:41,00:33:07,00:00:24,00:18:06,01:01:57,Female
41,Alicja,Ulatowska,POL,1996,37,00:09:57,00:00:45,00:32:44,00:00:32,00:18:07,01:02:03,Female
42,Alzbeta,Hruskova,CZE,2000,26,00:09:48,00:00:40,00:31:54,00:00:25,00:19:17,01:02:03,Female
43,Hanne,De Vet,BEL,1998,27,00:09:59,00:00:45,00:32:43,00:00:27,00:18:29,01:02:20,Female
44,Julia,Sanecka,POL,2001,50,00:10:01,00:00:38,00:32:48,00:00:27,00:18:29,01:02:22,Female
45,Stine,Dale,NOR,1998,45,00:10:03,00:00:48,00:33:21,00:00:30,00:18:50,01:03:29,Female
46,Aoi,Kuramoto,JPN,1988,35,00:09:53,00:00:42,00:35:51,00:00:35,00:18:38,01:05:36,Female
1,Matthew,Hauser,AUS,1998,4,00:08:02,00:01:42,00:29:10,00:00:32,00:14:23,00:53:47,Male
2,Manoel,Messias,BRA,1996,10,00:08:32,00:01:40,00:28:44,00:00:36,00:14:29,00:53:58,Male
3,Jelle,Geens,BEL,1993,8,00:08:29,00:01:44,00:28:40,00:00:34,00:14:38,00:54:02,Male
4,Tim,Hellwig,GER,1999,49,00:08:06,00:01:42,00:29:04,00:00:35,00:14:37,00:54:03,Male
5,Kristian,Blummenfelt,NOR,1994,5,00:08:36,00:01:44,00:28:32,00:00:36,00:14:40,00:54:05,Male
6,Bence,Bicsák,HUN,1995,16,00:08:22,00:01:45,00:28:46,00:00:32,00:14:45,00:54:07,Male
7,Charles,Paquet,CAN,1997,39,00:08:22,00:01:42,00:28:50,00:00:40,00:14:39,00:54:10,Male
8,Roberto,Sanchez Mantecon,ESP,1996,7,00:08:38,00:01:40,00:28:33,00:00:31,00:14:53,00:54:15,Male
9,Marten,Van Riel,BEL,1992,6,00:08:11,00:01:39,00:29:03,00:00:34,00:14:53,00:54:18,Male
10,Kenji,Nener,JPN,1993,3,00:08:04,00:01:44,00:29:04,00:00:34,00:14:55,00:54:19,Male
11,Jacob,Birtwhistle,AUS,1995,26,00:08:30,00:01:49,00:28:35,00:00:34,00:15:00,00:54:26,Male
12,Jonas,Schomburg,GER,1994,2,00:08:09,00:01:45,00:29:00,00:00:33,00:15:06,00:54:30,Male
13,Joao,Pereira,POR,1987,34,00:08:17,00:01:40,00:28:58,00:00:37,00:15:04,00:54:33,Male
14,Dylan,McCullough,NZL,2001,18,00:08:23,00:01:49,00:28:43,00:00:34,00:15:09,00:54:36,Male
15,Tyler,Mislawchuk,CAN,1994,9,00:08:21,00:01:43,00:28:51,00:00:38,00:15:08,00:54:39,Male
16,Jawad,Abdelmoula,MAR,1994,44,00:08:30,00:01:49,00:28:34,00:00:38,00:15:15,00:54:43,Male
17,Jonathan,Brownlee,GBR,1990,19,00:08:14,00:01:46,00:28:53,00:00:34,00:15:22,00:54:46,Male
18,Jannik,Schaufler,GER,1997,31,00:08:18,00:01:46,00:28:51,00:00:35,00:15:23,00:54:52,Male
19,Diego,Moya,CHI,1998,32,00:08:13,00:01:43,00:29:01,00:00:35,00:15:26,00:54:56,Male
20,Tayler,Reid,NZL,1996,23,00:08:13,00:01:45,00:28:58,00:00:34,00:15:31,00:54:58,Male
21,Brandon,Copeland,AUS,1996,28,00:08:15,00:01:41,00:28:58,00:00:34,00:15:35,00:55:00,Male
22,Tjebbe,Kaindl,AUT,1999,51,00:08:29,00:01:41,00:28:47,00:00:33,00:15:34,00:55:01,Male
23,Antonio,Serrat Seoane,ESP,1995,17,00:08:17,00:01:43,00:28:57,00:00:36,00:15:32,00:55:03,Male
24,Takumi,Hojo,JPN,1996,24,00:08:13,00:01:46,00:28:53,00:00:34,00:15:43,00:55:07,Male
25,Jumpei,Furuya,JPN,1991,33,00:08:32,00:01:39,00:28:43,00:00:35,00:15:48,00:55:15,Male
26,Itamar,Eshed,ISR,2000,56,00:08:34,00:01:46,00:28:33,00:00:40,00:15:47,00:55:18,Male
27,Gábor,Faldum,HUN,1988,25,00:08:16,00:01:46,00:28:52,00:00:35,00:15:58,00:55:24,Male
28,Nicolò,Strada,ITA,2000,36,00:08:04,00:01:48,00:29:01,00:00:38,00:16:04,00:55:33,Male
29,Miguel,Hidalgo,BRA,2000,14,00:08:17,00:01:51,00:28:49,00:00:37,00:16:11,00:55:43,Male
30,Vasco,Vilaca,POR,1999,1,00:08:14,00:01:46,00:29:40,00:00:39,00:15:30,00:55:46,Male
31,Alessio,Crociani,ITA,2001,43,00:08:14,00:01:50,00:29:55,00:00:32,00:15:22,00:55:50,Male
32,Gustav,Iden,NOR,1996,35,00:08:37,00:01:46,00:28:32,00:00:36,00:16:26,00:55:55,Male
33,David,Castro Fajardo,ESP,1993,12,00:08:10,00:01:40,00:30:26,00:00:38,00:15:16,00:56:09,Male
34,Chase,McQueen,USA,1998,46,00:08:06,00:01:48,00:28:58,00:00:35,00:16:50,00:56:16,Male
35,Nicola,Azzano,ITA,1997,38,00:08:12,00:01:45,00:30:00,00:00:32,00:15:55,00:56:23,Male
36,Tamás,Tóth,HUN,1989,55,00:08:35,00:01:44,00:29:38,00:00:37,00:15:55,00:56:27,Male
37,Martin,Sobey,CAN,1996,29,00:08:32,00:01:45,00:29:42,00:00:36,00:16:21,00:56:55,Male
38,Irving,Perez,MEX,1986,45,00:08:34,00:01:45,00:30:15,00:00:37,00:15:50,00:56:59,Male
39,Rodrigo,Gonzalez Lopez,MEX,1989,47,00:08:41,00:01:39,00:30:47,00:00:35,00:15:24,00:57:04,Male
40,Callum,McClusky,AUS,1998,37,00:08:37,00:01:41,00:30:16,00:00:36,00:16:14,00:57:22,Male
41,Jack,Willis,GBR,1997,41,00:08:29,00:01:47,00:30:18,00:00:37,00:16:17,00:57:27,Male
42,Valentin,Wernz,GER,1995,11,00:08:23,00:01:46,00:30:24,00:00:35,00:16:26,00:57:32,Male
43,Martin,Demuth,AUT,1995,53,00:08:09,00:01:46,00:30:38,00:00:37,00:16:26,00:57:34,Male
44,Seth,Rider,USA,1997,21,00:08:12,00:01:48,00:28:52,00:00:36,00:18:18,00:57:44,Male
45,Genis,Grau,ESP,1994,27,00:08:33,00:01:43,00:30:17,00:00:37,00:16:41,00:57:50,Male
46,Kyle,Smith,NZL,1997,58,00:08:36,00:01:45,00:28:35,00:00:35,00:18:27,00:57:55,Male
47,Aoba,Yasumatsu,JPN,1997,40,00:08:40,00:01:43,00:30:09,00:00:37,00:17:01,00:58:09,Male
48,Jorge,Alarcon Familiar,MEX,1999,54,00:08:39,00:01:46,00:30:42,00:00:38,00:16:48,00:58:31,Male
49,Antonio,Bravo Neto,BRA,1999,48,00:08:38,00:01:48,00:31:48,00:00:34,00:16:02,00:58:48,Male
50,Junjie,Fan,CHN,2001,59,00:08:38,00:01:46,00:31:51,00:00:34,00:16:22,00:59:08,Male
1,Hayden,Wilde,NZL,1997,2,00:09:13,00:00:32,00:28:56,00:00:25,00:14:07,00:53:10,Male
2,Matthew,Hauser,AUS,1998,18,00:08:51,00:00:40,00:29:09,00:00:21,00:14:13,00:53:13,Male
3,Jawad,Abdelmoula,MAR,1994,30,00:09:04,00:00:37,00:28:59,00:00:23,00:14:25,00:53:26,Male
4,Léo,Bergere,FRA,1996,1,00:08:55,00:00:33,00:29:08,00:00:22,00:14:32,00:53:29,Male
5,Jelle,Geens,BEL,1993,4,00:09:12,00:00:34,00:28:51,00:00:20,00:14:40,00:53:36,Male
6,Tom,Richard,FRA,1993,26,00:08:52,00:00:34,00:29:13,00:00:21,00:14:39,00:53:37,Male
7,Vasco,Vilaca,POR,1999,6,00:09:03,00:00:35,00:28:59,00:00:23,00:14:40,00:53:38,Male
8,Joao,Silva,POR,1989,17,00:09:06,00:00:34,00:29:02,00:00:22,00:14:38,00:53:40,Male
9,Vetle Bergsvik,Thorn,NOR,1999,21,00:09:06,00:00:35,00:29:02,00:00:24,00:14:37,00:53:42,Male
10,Lasse,Lührs,GER,1996,12,00:09:01,00:00:37,00:29:00,00:00:22,00:14:45,00:53:43,Male
11,Vincent,Luis,FRA,1989,5,00:08:45,00:00:34,00:29:19,00:00:23,00:14:45,00:53:44,Male
12,Kenji,Nener,JPN,1993,11,00:08:53,00:00:31,00:29:17,00:00:21,00:14:46,00:53:45,Male
13,Barclay,Izzard,GBR,1998,49,00:09:15,00:00:31,00:28:55,00:00:18,00:14:50,00:53:47,Male
14,Csongor,Lehmann,HUN,1999,31,00:09:04,00:00:32,00:29:04,00:00:21,00:14:54,00:53:54,Male
15,Jamie,Riddle,RSA,2000,39,00:08:51,00:00:33,00:29:20,00:00:25,00:14:49,00:53:56,Male
16,Gábor,Faldum,HUN,1988,24,00:09:12,00:00:33,00:28:54,00:00:19,00:15:00,00:53:57,Male
17,Michele,Sarzilla,ITA,1988,32,00:09:01,00:00:37,00:29:01,00:00:25,00:14:56,00:53:58,Male
18,Radim,Grebík,CZE,2001,40,00:09:04,00:00:31,00:29:07,00:00:23,00:14:56,00:53:59,Male
19,Valentin,Morlec,FRA,1999,35,00:08:46,00:00:31,00:29:23,00:00:23,00:15:02,00:54:02,Male
20,Valentin,Wernz,GER,1995,38,00:09:01,00:00:34,00:29:05,00:00:23,00:15:05,00:54:05,Male
21,Seth,Rider,USA,1997,36,00:08:59,00:00:34,00:29:09,00:00:22,00:15:06,00:54:07,Male
22,Bence,Bicsák,HUN,1995,10,00:09:03,00:00:37,00:29:02,00:00:26,00:15:05,00:54:11,Male
23,Jonas,Schomburg,GER,1994,27,00:08:58,00:00:32,00:29:07,00:00:24,00:15:12,00:54:12,Male
24,Kevin,McDowell,USA,1992,33,00:08:56,00:00:33,00:29:10,00:00:25,00:15:11,00:54:14,Male
25,Takumi,Hojo,JPN,1996,14,00:08:52,00:00:33,00:29:13,00:00:22,00:15:20,00:54:17,Male
26,Alberto,Gonzalez Garcia,ESP,1998,55,00:09:09,00:00:32,00:29:01,00:00:20,00:15:21,00:54:21,Male
27,Luke,Willian,AUS,1996,42,00:09:11,00:00:33,00:28:57,00:00:22,00:15:20,00:54:21,Male
28,Simon,Westermann,SUI,1998,45,00:09:05,00:00:33,00:29:01,00:00:22,00:15:22,00:54:21,Male
29,Márk,Dévay,HUN,1996,22,00:08:48,00:00:35,00:29:16,00:00:21,00:15:26,00:54:24,Male
30,Chase,McQueen,USA,1998,43,00:08:56,00:00:33,00:29:14,00:00:23,00:15:25,00:54:29,Male
31,Manoel,Messias,BRA,1996,29,00:09:28,00:00:34,00:29:35,00:00:21,00:14:39,00:54:35,Male
32,Dylan,McCullough,NZL,2001,57,00:08:49,00:00:35,00:29:19,00:00:23,00:15:33,00:54:37,Male
33,Samuel,Dickinson,GBR,1997,41,00:09:01,00:00:34,00:29:02,00:00:23,00:15:41,00:54:40,Male
34,Tim,Hellwig,GER,1999,8,00:09:07,00:00:34,00:28:59,00:00:26,00:15:38,00:54:42,Male
35,Max,Studer,SUI,1996,53,00:09:14,00:00:36,00:29:46,00:00:22,00:14:49,00:54:44,Male
36,Mario,Mola,ESP,1990,52,00:09:14,00:00:37,00:29:46,00:00:23,00:14:52,00:54:50,Male
37,Richard,Murray,NED,1989,61,00:09:16,00:00:35,00:29:46,00:00:19,00:15:09,00:55:03,Male
38,Emil,Holm,DEN,1996,62,00:09:11,00:00:33,00:29:54,00:00:19,00:15:15,00:55:09,Male
39,Jacob,Birtwhistle,AUS,1995,25,00:09:23,00:00:35,00:29:39,00:00:23,00:15:18,00:55:16,Male
40,Rostislav,Pevtsov,AZE,1987,50,00:09:10,00:00:34,00:29:54,00:00:23,00:15:24,00:55:23,Male
41,Roberto,Sanchez Mantecon,ESP,1996,16,00:09:27,00:00:35,00:29:34,00:00:21,00:15:39,00:55:34,Male
42,Saxon,Morgan,NZL,2000,59,00:09:15,00:00:33,00:29:50,00:00:23,00:15:45,00:55:44,Male
43,Donald,Hillebregt,NED,1992,64,00:09:15,00:00:35,00:29:52,00:00:27,00:16:05,00:56:13,Male
44,Gabriel,Sandör,SWE,1996,34,00:09:23,00:00:33,00:29:42,00:00:22,00:16:18,00:56:16,Male
45,Erwin,Vanderplancke,BEL,1995,28,00:09:27,00:00:33,00:29:37,00:00:24,00:16:32,00:56:30,Male
46,Jan,Volar,CZE,1992,58,00:09:18,00:00:35,00:29:48,00:00:23,00:16:36,00:56:37,Male
47,Antonio,Bravo Neto,BRA,1999,60,00:09:31,00:00:33,00:31:01,00:00:22,00:15:21,00:56:46,Male
48,Antonio,Serrat Seoane,ESP,1995,3,00:09:28,00:00:35,00:31:00,00:00:20,00:15:29,00:56:51,Male
49,Brock,Hoel,CAN,2001,63,00:08:53,00:00:34,00:31:23,00:00:23,00:15:58,00:57:10,Male
50,Diego,Moya,CHI,1998,37,00:09:15,00:00:34,00:31:16,00:00:23,00:16:13,00:57:38,Male
1,Matthew,Hauser,AUS,1998,4,00:09:04,00:00:30,00:26:31,00:00:20,00:13:40,00:50:03,Male
2,Vasco,Vilaca,POR,1999,20,00:09:17,00:00:32,00:26:11,00:00:21,00:13:49,00:50:09,Male
3,Pierre,Le Corre,FRA,1990,6,00:09:05,00:00:29,00:26:27,00:00:22,00:13:50,00:50:10,Male
4,Jelle,Geens,BEL,1993,12,00:09:19,00:00:29,00:26:11,00:00:23,00:13:58,00:50:18,Male
5,Casper,Stornes,NOR,1997,24,00:09:10,00:00:30,00:26:22,00:00:21,00:13:59,00:50:19,Male
6,Vincent,Luis,FRA,1989,2,00:09:01,00:00:30,00:26:29,00:00:21,00:14:03,00:50:23,Male
7,Alessio,Crociani,ITA,2001,28,00:09:01,00:00:29,00:26:28,00:00:20,00:14:12,00:50:28,Male
8,Alberto,Gonzalez Garcia,ESP,1998,5,00:09:12,00:00:28,00:26:23,00:00:23,00:14:14,00:50:38,Male
9,Max,Stapley,GBR,1999,37,00:09:03,00:00:32,00:26:27,00:00:24,00:14:15,00:50:39,Male
10,Tom,Richard,FRA,1993,23,00:09:07,00:00:32,00:26:25,00:00:22,00:14:17,00:50:41,Male
11,Luke,Willian,AUS,1996,1,00:09:08,00:00:28,00:26:29,00:00:22,00:14:23,00:50:49,Male
12,Emil,Holm,DEN,1996,21,00:09:24,00:00:30,00:26:05,00:00:20,00:14:35,00:50:53,Male
13,Tyler,Mislawchuk,CAN,1994,30,00:09:14,00:00:31,00:26:15,00:00:22,00:14:34,00:50:53,Male
14,Mitch,Kolkman,NED,2002,60,00:09:21,00:00:28,00:26:13,00:00:19,00:14:38,00:50:57,Male
15,Henry,Graf,GER,2002,46,00:09:18,00:00:32,00:26:07,00:00:23,00:14:41,00:50:59,Male
16,John,Reed,USA,2001,33,00:09:13,00:00:31,00:26:22,00:00:25,00:14:34,00:51:03,Male
17,Yanis,Seguin,FRA,2000,44,00:09:21,00:00:29,00:26:10,00:00:23,00:14:44,00:51:05,Male
18,Tayler,Reid,NZL,1996,7,00:09:07,00:00:30,00:26:21,00:00:22,00:14:49,00:51:07,Male
19,Gábor,Faldum,HUN,1988,8,00:09:16,00:00:31,00:26:14,00:00:22,00:14:47,00:51:08,Male
20,Brandon,Copeland,AUS,1996,18,00:09:20,00:00:31,00:26:13,00:00:21,00:14:48,00:51:11,Male
21,Sylvain,Fridelance,SUI,1995,59,00:09:17,00:00:32,00:26:11,00:00:23,00:14:52,00:51:13,Male
22,Márk,Dévay,HUN,1996,11,00:09:00,00:00:32,00:26:30,00:00:21,00:14:58,00:51:19,Male
23,Morgan,Pearson,USA,1993,3,00:09:18,00:00:28,00:27:22,00:00:23,00:13:53,00:51:22,Male
24,Max,Studer,SUI,1996,40,00:09:25,00:00:32,00:27:12,00:00:20,00:14:00,00:51:26,Male
25,Hugo,Milner,GBR,1998,9,00:09:13,00:00:30,00:27:26,00:00:23,00:14:00,00:51:29,Male
26,Simon,Westermann,SUI,1998,29,00:09:20,00:00:34,00:26:08,00:00:23,00:15:11,00:51:33,Male
27,Chase,McQueen,USA,1998,32,00:09:02,00:00:30,00:26:30,00:00:21,00:15:15,00:51:36,Male
28,Lasse,Lührs,GER,1996,34,00:09:11,00:00:32,00:26:14,00:00:22,00:15:19,00:51:37,Male
29,Saxon,Morgan,NZL,2000,49,00:09:17,00:00:30,00:26:19,00:00:23,00:15:14,00:51:40,Male
30,Jan,Diener,GER,2002,48,00:09:06,00:00:29,00:26:23,00:00:21,00:15:37,00:51:53,Male
31,Martin,Demuth,AUT,1995,61,00:09:20,00:00:32,00:26:13,00:00:24,00:15:36,00:52:03,Male
32,Jawad,Abdelmoula,MAR,1994,22,00:09:26,00:00:31,00:27:12,00:00:22,00:14:38,00:52:07,Male
33,James,Edgar,IRL,1998,42,00:09:25,00:00:32,00:27:17,00:00:21,00:14:38,00:52:12,Male
34,Martin,Sobey,CAN,1996,14,00:09:21,00:00:31,00:27:18,00:00:23,00:14:40,00:52:12,Male
35,Aoba,Yasumatsu,JPN,1997,25,00:09:26,00:00:31,00:27:14,00:00:23,00:14:52,00:52:24,Male
36,Eric,Diener,GER,2000,57,00:09:23,00:00:32,00:27:15,00:00:23,00:14:53,00:52:24,Male
37,Jannik,Schaufler,GER,1997,53,00:09:23,00:00:32,00:27:14,00:00:21,00:14:57,00:52:25,Male
38,Ren,Sato,JPN,1995,41,00:09:15,00:00:32,00:27:23,00:00:21,00:14:56,00:52:25,Male
39,Philip,Pertl,AUT,1998,50,00:09:32,00:00:28,00:27:08,00:00:20,00:15:01,00:52:27,Male
40,Zsombor,Dévay,HUN,2000,56,00:09:25,00:00:33,00:27:12,00:00:24,00:14:58,00:52:29,Male
41,Takumi,Hojo,JPN,1996,16,00:09:05,00:00:32,00:27:32,00:00:23,00:15:05,00:52:34,Male
42,Nicola,Azzano,ITA,1997,17,00:09:20,00:00:32,00:27:17,00:00:23,00:15:24,00:52:54,Male
43,Darr,Smith,USA,1998,15,00:09:12,00:00:31,00:27:26,00:00:23,00:15:32,00:53:02,Male
44,João Nuno,Batista,POR,2005,52,00:09:22,00:00:31,00:28:24,00:00:24,00:14:31,00:53:10,Male
45,Mathis,Beaulieu,CAN,2004,45,00:09:27,00:00:32,00:28:18,00:00:22,00:14:39,00:53:17,Male
46,Vicente,Hernandez,ESP,1991,55,00:09:24,00:00:32,00:28:20,00:00:24,00:14:39,00:53:17,Male
47,Yael Vladimir,González Melendez,MEX,2003,54,00:09:24,00:00:33,00:27:14,00:00:22,00:15:56,00:53:27,Male
48,Makoto,Odakura,JPN,1993,19,00:09:19,00:00:30,00:28:29,00:00:25,00:15:00,00:53:41,Male
49,Arnaud,Mengal,BEL,1997,47,00:09:27,00:00:31,00:28:20,00:00:23,00:15:11,00:53:50,Male
50,Kauê,Willy,BRA,1996,51,00:09:28,00:00:34,00:28:14,00:00:23,00:15:17,00:53:54,Male
